0, 14.7244, 146.735, 0, -0, 0, -0
0.001, 14.7243, 146.735, -0.202483, 0.0110692, -202.483, 11.0692
0.002, 14.724, 146.735, -0.404964, 0.0221369, -202.481, 11.0676
0.003, 14.7235, 146.735, -0.607441, 0.0332013, -202.477, 11.0644
0.004, 14.7228, 146.735, -0.809913, 0.0442608, -202.472, 11.0596
0.005, 14.7219, 146.735, -1.01238, 0.0553139, -202.464, 11.0531
0.006, 14.7208, 146.735, -1.21483, 0.066359, -202.455, 11.045
0.007, 14.7194, 146.735, -1.41728, 0.0773943, -202.443, 11.0354
0.008, 14.7179, 146.735, -1.61971, 0.0884184, -202.43, 11.0241
0.009, 14.7162, 146.735, -1.82212, 0.0994296, -202.415, 11.0112
0.01, 14.7143, 146.735, -2.02452, 0.110426, -202.398, 10.9966
0.011, 14.7121, 146.735, -2.2269, 0.121407, -202.379, 10.9805
0.012, 14.7098, 146.735, -2.42926, 0.132369, -202.359, 10.9628
0.013, 14.7073, 146.736, -2.63159, 0.143313, -202.336, 10.9434
0.014, 14.7046, 146.736, -2.83391, 0.154235, -202.312, 10.9224
0.015, 14.7016, 146.736, -3.03619, 0.165135, -202.285, 10.8998
0.016, 14.6985, 146.736, -3.23845, 0.176011, -202.257, 10.8756
0.017, 14.6951, 146.736, -3.44067, 0.186861, -202.227, 10.8498
0.018, 14.6916, 146.736, -3.64287, 0.197683, -202.195, 10.8224
0.019, 14.6879, 146.737, -3.84503, 0.208476, -202.161, 10.7933
0.02, 14.6839, 146.737, -4.04716, 0.219239, -202.125, 10.7627
0.021, 14.6798, 146.737, -4.24924, 0.229969, -202.087, 10.7304
0.022, 14.6754, 146.737, -4.45129, 0.240666, -202.048, 10.6965
0.023, 14.6709, 146.738, -4.6533, 0.251327, -202.006, 10.661
0.024, 14.6661, 146.738, -4.85526, 0.261951, -201.963, 10.6239
0.025, 14.6611, 146.738, -5.05718, 0.272536, -201.917, 10.5851
0.026, 14.656, 146.738, -5.25905, 0.283081, -201.87, 10.5448
0.027, 14.6506, 146.739, -5.46087, 0.293583, -201.821, 10.5028
0.028, 14.6451, 146.739, -5.66264, 0.304043, -201.77, 10.4593
0.029, 14.6393, 146.739, -5.86435, 0.314457, -201.717, 10.4141
0.03, 14.6333, 146.74, -6.06602, 0.324824, -201.662, 10.3672
0.031, 14.6272, 146.74, -6.26762, 0.335143, -201.605, 10.3188
0.032, 14.6208, 146.74, -6.46917, 0.345412, -201.547, 10.2688
0.033, 14.6142, 146.741, -6.67065, 0.355629, -201.486, 10.2171
0.034, 14.6074, 146.741, -6.87208, 0.365793, -201.423, 10.1638
0.035, 14.6005, 146.741, -7.07344, 0.375901, -201.359, 10.1089
0.036, 14.5933, 146.742, -7.27473, 0.385954, -201.292, 10.0524
0.037, 14.5859, 146.742, -7.47595, 0.395948, -201.224, 9.99428
0.038, 14.5783, 146.743, -7.67711, 0.405883, -201.154, 9.93452
0.039, 14.5706, 146.743, -7.87819, 0.415756, -201.082, 9.87316
0.04, 14.5626, 146.743, -8.0792, 0.425566, -201.008, 9.81017
0.041, 14.5544, 146.744, -8.28013, 0.435312, -200.931, 9.74556
0.042, 14.546, 146.744, -8.48098, 0.444991, -200.853, 9.67934
0.043, 14.5374, 146.745, -8.68175, 0.454602, -200.773, 9.6115
0.044, 14.5286, 146.745, -8.88245, 0.464144, -200.692, 9.54203
0.045, 14.5197, 146.746, -9.08305, 0.473615, -200.608, 9.47095
0.046, 14.5105, 146.746, -9.28358, 0.483014, -200.522, 9.39825
0.047, 14.5011, 146.747, -9.48401, 0.492338, -200.434, 9.32393
0.048, 14.4915, 146.747, -9.68435, 0.501586, -200.344, 9.24799
0.049, 14.4817, 146.748, -9.88461, 0.510756, -200.252, 9.17042
0.05, 14.4717, 146.748, -10.0848, 0.519847, -200.159, 9.09124
0.051, 14.4615, 146.749, -10.2848, 0.528858, -200.063, 9.01043
0.052, 14.4512, 146.749, -10.4848, 0.537786, -199.965, 8.928
0.053, 14.4406, 146.75, -10.6847, 0.54663, -199.866, 8.84395
0.054, 14.4298, 146.75, -10.8844, 0.555388, -199.764, 8.75828
0.055, 14.4188, 146.751, -11.0841, 0.564059, -199.66, 8.67098
0.056, 14.4076, 146.751, -11.2836, 0.572641, -199.555, 8.58207
0.057, 14.3962, 146.752, -11.4831, 0.581132, -199.447, 8.49152
0.058, 14.3846, 146.753, -11.6824, 0.589532, -199.338, 8.39936
0.059, 14.3729, 146.753, -11.8816, 0.597837, -199.226, 8.30557
0.06, 14.3609, 146.754, -12.0808, 0.606048, -199.112, 8.21016
0.061, 14.3487, 146.754, -12.2798, 0.614161, -198.997, 8.11312
0.062, 14.3363, 146.755, -12.4786, 0.622175, -198.879, 8.01446
0.063, 14.3237, 146.756, -12.6774, 0.630089, -198.759, 7.91417
0.064, 14.311, 146.756, -12.876, 0.637902, -198.638, 7.81225
0.065, 14.298, 146.757, -13.0745, 0.64561, -198.514, 7.70871
0.066, 14.2848, 146.758, -13.2729, 0.653214, -198.388, 7.60355
0.067, 14.2714, 146.758, -13.4712, 0.660711, -198.26, 7.49675
0.068, 14.2578, 146.759, -13.6693, 0.668099, -198.13, 7.38833
0.069, 14.2441, 146.76, -13.8673, 0.675377, -197.998, 7.27829
0.07, 14.2301, 146.76, -14.0652, 0.682544, -197.864, 7.16661
0.071, 14.2159, 146.761, -14.2629, 0.689597, -197.728, 7.05331
0.072, 14.2016, 146.762, -14.4605, 0.696535, -197.59, 6.93837
0.073, 14.187, 146.762, -14.658, 0.703357, -197.45, 6.82181
0.074, 14.1723, 146.763, -14.8553, 0.710061, -197.307, 6.70362
0.075, 14.1573, 146.764, -15.0524, 0.716645, -197.163, 6.5838
0.076, 14.1421, 146.764, -15.2494, 0.723107, -197.016, 6.46235
0.077, 14.1268, 146.765, -15.4463, 0.729446, -196.868, 6.33927
0.078, 14.1112, 146.766, -15.643, 0.735661, -196.717, 6.21456
0.079, 14.0955, 146.767, -15.8396, 0.741749, -196.564, 6.08822
0.08, 14.0796, 146.767, -16.036, 0.747709, -196.409, 5.96024
0.081, 14.0634, 146.768, -16.2323, 0.75354, -196.252, 5.83064
0.082, 14.0471, 146.769, -16.4283, 0.759239, -196.093, 5.6994
0.083, 14.0306, 146.77, -16.6243, 0.764806, -195.932, 5.56653
0.084, 14.0138, 146.77, -16.82, 0.770238, -195.769, 5.43202
0.085, 13.9969, 146.771, -17.0157, 0.775534, -195.603, 5.29589
0.086, 13.9798, 146.772, -17.2111, 0.780692, -195.435, 5.15812
0.087, 13.9625, 146.773, -17.4064, 0.785711, -195.265, 5.01871
0.088, 13.945, 146.774, -17.6014, 0.790588, -195.093, 4.87767
0.089, 13.9273, 146.774, -17.7964, 0.795323, -194.919, 4.735
0.09, 13.9094, 146.775, -17.9911, 0.799914, -194.743, 4.59069
0.091, 13.8913, 146.776, -18.1857, 0.804359, -194.564, 4.44475
0.092, 13.873, 146.777, -18.3801, 0.808656, -194.383, 4.29717
0.093, 13.8545, 146.778, -18.5743, 0.812804, -194.2, 4.14795
0.094, 13.8358, 146.778, -18.7683, 0.816801, -194.015, 3.9971
0.095, 13.817, 146.779, -18.9621, 0.820646, -193.828, 3.84461
0.096, 13.7979, 146.78, -19.1557, 0.824336, -193.638, 3.69048
0.097, 13.7787, 146.781, -19.3492, 0.827871, -193.447, 3.53472
0.098, 13.7592, 146.782, -19.5424, 0.831248, -193.253, 3.37731
0.099, 13.7396, 146.783, -19.7355, 0.834466, -193.056, 3.21827
0.1, 13.7197, 146.783, -19.9283, 0.837524, -192.858, 3.05759
0.101, 13.6997, 146.784, -20.121, 0.840419, -192.657, 2.89528
0.102, 13.6795, 146.785, -20.3135, 0.843151, -192.454, 2.73132
0.103, 13.6591, 146.786, -20.5057, 0.845716, -192.249, 2.56572
0.104, 13.6385, 146.787, -20.6978, 0.848115, -192.042, 2.39849
0.105, 13.6177, 146.788, -20.8896, 0.850344, -191.832, 2.22961
0.106, 13.5967, 146.788, -21.0812, 0.852403, -191.62, 2.05909
0.107, 13.5755, 146.789, -21.2726, 0.85429, -191.405, 1.88694
0.108, 13.5541, 146.79, -21.4638, 0.856003, -191.189, 1.71314
0.109, 13.5325, 146.791, -21.6548, 0.857541, -190.97, 1.5377
0.11, 13.5108, 146.792, -21.8455, 0.858902, -190.748, 1.36062
0.111, 13.4888, 146.793, -22.036, 0.860084, -190.525, 1.1819
0.112, 13.4667, 146.794, -22.2263, 0.861085, -190.299, 1.00153
0.113, 13.4444, 146.794, -22.4164, 0.861905, -190.071, 0.819527
0.114, 13.4219, 146.795, -22.6063, 0.862541, -189.84, 0.635878
0.115, 13.3992, 146.796, -22.7959, 0.862991, -189.607, 0.450587
0.116, 13.3763, 146.797, -22.9852, 0.863255, -189.372, 0.263653
0.117, 13.3532, 146.798, -23.1744, 0.86333, -189.134, 0.0750757
0.118, 13.3299, 146.799, -23.3633, 0.863215, -188.894, -0.115145
0.119, 13.3064, 146.8, -23.5519, 0.862908, -188.652, -0.307009
0.12, 13.2828, 146.801, -23.7403, 0.862407, -188.407, -0.500516
0.121, 13.259, 146.801, -23.9285, 0.861712, -188.16, -0.695668
0.122, 13.2349, 146.802, -24.1164, 0.860819, -187.91, -0.892463
0.123, 13.2107, 146.803, -24.304, 0.859728, -187.658, -1.0909
0.124, 13.1863, 146.804, -24.4914, 0.858437, -187.404, -1.29099
0.125, 13.1617, 146.805, -24.6786, 0.856945, -187.147, -1.49271
0.126, 13.1369, 146.806, -24.8655, 0.855248, -186.888, -1.69609
0.127, 13.112, 146.807, -25.0521, 0.853347, -186.626, -1.9011
0.128, 13.0868, 146.807, -25.2385, 0.85124, -186.362, -2.10777
0.129, 13.0615, 146.808, -25.4246, 0.848924, -186.095, -2.31607
0.13, 13.036, 146.809, -25.6104, 0.846398, -185.826, -2.52602
0.131, 13.0103, 146.81, -25.796, 0.84366, -185.555, -2.73762
0.132, 12.9844, 146.811, -25.9812, 0.840709, -185.281, -2.95086
0.133, 12.9583, 146.812, -26.1662, 0.837543, -185.004, -3.16575
0.134, 12.932, 146.812, -26.351, 0.834161, -184.725, -3.38228
0.135, 12.9056, 146.813, -26.5354, 0.830561, -184.444, -3.60045
0.136, 12.8789, 146.814, -26.7196, 0.82674, -184.16, -3.82027
0.137, 12.8521, 146.815, -26.9034, 0.822699, -183.873, -4.04174
0.138, 12.8251, 146.816, -27.087, 0.818434, -183.584, -4.26485
0.139, 12.7979, 146.817, -27.2703, 0.813944, -183.293, -4.48961
0.14, 12.7706, 146.817, -27.4533, 0.809228, -182.998, -4.71601
0.141, 12.743, 146.818, -27.636, 0.804284, -182.702, -4.94405
0.142, 12.7153, 146.819, -27.8184, 0.79911, -182.402, -5.17374
0.143, 12.6874, 146.82, -28.0005, 0.793705, -182.1, -5.40507
0.144, 12.6593, 146.821, -28.1823, 0.788067, -181.796, -5.63805
0.145, 12.631, 146.821, -28.3638, 0.782194, -181.489, -5.87267
0.146, 12.6025, 146.822, -28.545, 0.776086, -181.179, -6.10894
0.147, 12.5739, 146.823, -28.7258, 0.769739, -180.867, -6.34685
0.148, 12.5451, 146.824, -28.9064, 0.763152, -180.552, -6.5864
0.149, 12.5161, 146.825, -29.0866, 0.756325, -180.235, -6.8276
0.15, 12.4869, 146.825, -29.2666, 0.749254, -179.915, -7.07043
0.151, 12.4575, 146.826, -29.4461, 0.741939, -179.592, -7.31491
0.152, 12.428, 146.827, -29.6254, 0.734378, -179.267, -7.56104
0.153, 12.3983, 146.827, -29.8043, 0.72657, -178.939, -7.8088
0.154, 12.3684, 146.828, -29.983, 0.718511, -178.608, -8.05821
0.155, 12.3383, 146.829, -30.1612, 0.710202, -178.274, -8.30926
0.156, 12.308, 146.83, -30.3392, 0.70164, -177.938, -8.56195
0.157, 12.2776, 146.83, -30.5168, 0.692824, -177.6, -8.81628
0.158, 12.247, 146.831, -30.694, 0.683752, -177.258, -9.07225
0.159, 12.2162, 146.832, -30.8709, 0.674422, -176.914, -9.32986
0.16, 12.1852, 146.832, -31.0475, 0.664833, -176.567, -9.58911
0.161, 12.1541, 146.833, -31.2237, 0.654983, -176.217, -9.84999
0.162, 12.1228, 146.834, -31.3996, 0.64487, -175.865, -10.1125
0.163, 12.0913, 146.834, -31.5751, 0.634493, -175.51, -10.3767
0.164, 12.0596, 146.835, -31.7503, 0.623851, -175.152, -10.6425
0.165, 12.0278, 146.836, -31.925, 0.612941, -174.792, -10.9099
0.166, 11.9957, 146.836, -32.0995, 0.601762, -174.428, -11.179
0.167, 11.9635, 146.837, -32.2735, 0.590312, -174.062, -11.4497
0.168, 11.9312, 146.837, -32.4472, 0.57859, -173.693, -11.722
0.169, 11.8986, 146.838, -32.6205, 0.566594, -173.321, -11.996
0.17, 11.8659, 146.839, -32.7935, 0.554323, -172.947, -12.2716
0.171, 11.833, 146.839, -32.9661, 0.541774, -172.57, -12.5489
0.172, 11.8, 146.84, -33.1383, 0.528946, -172.189, -12.8277
0.173, 11.7667, 146.84, -33.3101, 0.515838, -171.806, -13.1082
0.174, 11.7333, 146.841, -33.4815, 0.502447, -171.421, -13.3904
0.175, 11.6998, 146.841, -33.6525, 0.488773, -171.032, -13.6741
0.176, 11.666, 146.842, -33.8232, 0.474814, -170.64, -13.9595
0.177, 11.6321, 146.842, -33.9934, 0.460567, -170.246, -14.2465
0.178, 11.598, 146.843, -34.1632, 0.446032, -169.849, -14.5352
0.179, 11.5638, 146.843, -34.3327, 0.431207, -169.449, -14.8254
0.18, 11.5293, 146.843, -34.5017, 0.416089, -169.046, -15.1173
0.181, 11.4948, 146.844, -34.6704, 0.400679, -168.64, -15.4108
0.182, 11.46, 146.844, -34.8386, 0.384973, -168.231, -15.706
0.183, 11.4251, 146.845, -35.0064, 0.36897, -167.819, -16.0027
0.184, 11.39, 146.845, -35.1738, 0.352669, -167.405, -16.3011
0.185, 11.3547, 146.845, -35.3408, 0.336068, -166.987, -16.6011
0.186, 11.3193, 146.846, -35.5074, 0.319165, -166.567, -16.9027
0.187, 11.2837, 146.846, -35.6735, 0.301959, -166.143, -17.2059
0.188, 11.2479, 146.846, -35.8393, 0.284448, -165.717, -17.5108
0.189, 11.212, 146.847, -36.0045, 0.266631, -165.288, -17.8172
0.19, 11.1759, 146.847, -36.1694, 0.248506, -164.855, -18.1253
0.191, 11.1396, 146.847, -36.3338, 0.230071, -164.42, -18.4349
0.192, 11.1032, 146.847, -36.4978, 0.211325, -163.982, -18.7462
0.193, 11.0666, 146.847, -36.6613, 0.192266, -163.541, -19.0591
0.194, 11.0299, 146.848, -36.8244, 0.172892, -163.096, -19.3736
0.195, 10.9929, 146.848, -36.9871, 0.153202, -162.649, -19.6897
0.196, 10.9559, 146.848, -37.1493, 0.133195, -162.199, -20.0074
0.197, 10.9186, 146.848, -37.311, 0.112868, -161.746, -20.3267
0.198, 10.8812, 146.848, -37.4723, 0.0922205, -161.289, -20.6476
0.199, 10.8437, 146.848, -37.6331, 0.0712504, -160.83, -20.9701
0.2, 10.806, 146.848, -37.7935, 0.0499562, -160.367, -21.2942
0.201, 10.7681, 146.848, -37.9534, 0.0283363, -159.902, -21.6199
0.202, 10.73, 146.848, -38.1128, 0.00638911, -159.434, -21.9472
0.203, 10.6918, 146.848, -38.2718, -0.0158869, -158.962, -22.2761
0.204, 10.6535, 146.848, -38.4303, -0.0384935, -158.487, -22.6065
0.205, 10.615, 146.848, -38.5883, -0.061432, -158.01, -22.9386
0.206, 10.5763, 146.848, -38.7458, -0.0847042, -157.529, -23.2722
0.207, 10.5374, 146.848, -38.9029, -0.108312, -157.045, -23.6074
0.208, 10.4985, 146.848, -39.0594, -0.132256, -156.558, -23.9442
0.209, 10.4593, 146.848, -39.2155, -0.156538, -156.068, -24.2826
0.21, 10.42, 146.848, -39.3711, -0.181161, -155.575, -24.6225
0.211, 10.3805, 146.848, -39.5262, -0.206125, -155.078, -24.964
0.212, 10.3409, 146.847, -39.6807, -0.231432, -154.579, -25.3071
0.213, 10.3012, 146.847, -39.8348, -0.257084, -154.076, -25.6518
0.214, 10.2612, 146.847, -39.9884, -0.283082, -153.571, -25.998
0.215, 10.2212, 146.847, -40.1414, -0.309428, -153.062, -26.3458
0.216, 10.1809, 146.846, -40.294, -0.336123, -152.55, -26.6951
0.217, 10.1406, 146.846, -40.446, -0.363169, -152.034, -27.046
0.218, 10.1, 146.846, -40.5975, -0.390567, -151.516, -27.3985
0.219, 10.0594, 146.845, -40.7485, -0.41832, -150.995, -27.7525
0.22, 10.0185, 146.845, -40.899, -0.446428, -150.47, -28.1081
0.221, 9.97754, 146.844, -41.049, -0.474893, -149.942, -28.4652
0.222, 9.93641, 146.844, -41.1984, -0.503717, -149.411, -28.8239
0.223, 9.89513, 146.843, -41.3472, -0.532901, -148.877, -29.1841
0.224, 9.8537, 146.843, -41.4956, -0.562447, -148.339, -29.5458
0.225, 9.81212, 146.842, -41.6434, -0.592356, -147.798, -29.9091
0.226, 9.77039, 146.842, -41.7906, -0.62263, -147.254, -30.2739
0.227, 9.72852, 146.841, -41.9373, -0.65327, -146.707, -30.6403
0.228, 9.6865, 146.84, -42.0835, -0.684278, -146.157, -31.0081
0.229, 9.64433, 146.84, -42.2291, -0.715656, -145.603, -31.3775
0.23, 9.60202, 146.839, -42.3741, -0.747404, -145.047, -31.7485
0.231, 9.55957, 146.838, -42.5186, -0.779525, -144.487, -32.1209
0.232, 9.51697, 146.837, -42.6626, -0.81202, -143.923, -32.4948
0.233, 9.47422, 146.836, -42.8059, -0.84489, -143.357, -32.8703
0.234, 9.43134, 146.836, -42.9487, -0.878138, -142.787, -33.2473
0.235, 9.38831, 146.835, -43.0909, -0.911763, -142.214, -33.6258
0.236, 9.34514, 146.834, -43.2326, -0.945769, -141.638, -34.0057
0.237, 9.30182, 146.833, -43.3736, -0.980156, -141.058, -34.3872
0.238, 9.25837, 146.832, -43.5141, -1.01493, -140.475, -34.7702
0.239, 9.21478, 146.831, -43.654, -1.05008, -139.889, -35.1546
0.24, 9.17104, 146.83, -43.7933, -1.08562, -139.3, -35.5406
0.241, 9.12717, 146.829, -43.932, -1.12155, -138.707, -35.928
0.242, 9.08316, 146.827, -44.0701, -1.15787, -138.111, -36.3169
0.243, 9.03901, 146.826, -44.2076, -1.19457, -137.512, -36.7073
0.244, 8.99473, 146.825, -44.3445, -1.23167, -136.909, -37.0991
0.245, 8.9503, 146.824, -44.4808, -1.26917, -136.304, -37.4924
0.246, 8.90575, 146.823, -44.6165, -1.30705, -135.694, -37.8872
0.247, 8.86105, 146.821, -44.7516, -1.34534, -135.082, -38.2835
0.248, 8.81622, 146.82, -44.8861, -1.38402, -134.466, -38.6811
0.249, 8.77126, 146.818, -45.0199, -1.4231, -133.847, -39.0803
0.25, 8.72616, 146.817, -45.1531, -1.46258, -133.225, -39.4809
0.251, 8.68093, 146.816, -45.2857, -1.50246, -132.599, -39.8829
0.252, 8.63557, 146.814, -45.4177, -1.54275, -131.97, -40.2863
0.253, 8.59008, 146.812, -45.549, -1.58344, -131.338, -40.6912
0.254, 8.54445, 146.811, -45.6797, -1.62454, -130.702, -41.0975
0.255, 8.4987, 146.809, -45.8098, -1.66604, -130.064, -41.5053
0.256, 8.45281, 146.808, -45.9392, -1.70796, -129.421, -41.9144
0.257, 8.4068, 146.806, -46.068, -1.75028, -128.776, -42.325
0.258, 8.36066, 146.804, -46.1961, -1.79302, -128.127, -42.737
0.259, 8.31439, 146.802, -46.3236, -1.83617, -127.475, -43.1504
0.26, 8.26799, 146.8, -46.4504, -1.87973, -126.819, -43.5651
0.261, 8.22147, 146.798, -46.5766, -1.92371, -126.16, -43.9813
0.262, 8.17482, 146.797, -46.7021, -1.96811, -125.498, -44.3988
0.263, 8.12804, 146.795, -46.8269, -2.01293, -124.833, -44.8178
0.264, 8.08114, 146.793, -46.9511, -2.05817, -124.164, -45.2381
0.265, 8.03412, 146.79, -47.0746, -2.10383, -123.492, -45.6598
0.266, 7.98697, 146.788, -47.1974, -2.14991, -122.816, -46.0828
0.267, 7.9397, 146.786, -47.3195, -2.19642, -122.137, -46.5072
0.268, 7.89231, 146.784, -47.441, -2.24335, -121.455, -46.933
0.269, 7.8448, 146.782, -47.5618, -2.29071, -120.77, -47.3601
0.27, 7.79717, 146.779, -47.6818, -2.3385, -120.081, -47.7886
0.271, 7.74942, 146.777, -47.8012, -2.38672, -119.389, -48.2183
0.272, 7.70154, 146.775, -47.9199, -2.43537, -118.693, -48.6495
0.273, 7.65355, 146.772, -48.0379, -2.48445, -117.995, -49.0819
0.274, 7.60545, 146.77, -48.1552, -2.53397, -117.292, -49.5157
0.275, 7.55722, 146.767, -48.2718, -2.58392, -116.587, -49.9508
0.276, 7.50888, 146.764, -48.3877, -2.6343, -115.878, -50.3872
0.277, 7.46043, 146.762, -48.5028, -2.68513, -115.166, -50.8248
0.278, 7.41186, 146.759, -48.6173, -2.73639, -114.451, -51.2638
0.279, 7.36317, 146.756, -48.731, -2.7881, -113.732, -51.7041
0.28, 7.31437, 146.754, -48.844, -2.84024, -113.01, -52.1457
0.281, 7.26546, 146.751, -48.9563, -2.89283, -112.285, -52.5885
0.282, 7.21644, 146.748, -49.0679, -2.94586, -111.556, -53.0326
0.283, 7.1673, 146.745, -49.1787, -2.99934, -110.824, -53.4779
0.284, 7.11806, 146.742, -49.2888, -3.05327, -110.089, -53.9246
0.285, 7.0687, 146.739, -49.3981, -3.10764, -109.351, -54.3724
0.286, 7.01924, 146.736, -49.5067, -3.16246, -108.609, -54.8215
0.287, 6.96967, 146.732, -49.6146, -3.21773, -107.864, -55.2719
0.288, 6.91999, 146.729, -49.7217, -3.27346, -107.116, -55.7234
0.289, 6.8702, 146.726, -49.8281, -3.32963, -106.364, -56.1762
0.29, 6.82031, 146.722, -49.9337, -3.38626, -105.609, -56.6302
0.291, 6.77031, 146.719, -50.0385, -3.44335, -104.851, -57.0854
0.292, 6.72021, 146.716, -50.1426, -3.50089, -104.089, -57.5418
0.293, 6.67, 146.712, -50.246, -3.55889, -103.325, -57.9994
0.294, 6.61969, 146.708, -50.3485, -3.61735, -102.557, -58.4582
0.295, 6.56928, 146.705, -50.4503, -3.67627, -101.786, -58.9181
0.296, 6.51877, 146.701, -50.5513, -3.73564, -101.011, -59.3793
0.297, 6.46816, 146.697, -50.6515, -3.79549, -100.234, -59.8416
0.298, 6.41744, 146.694, -50.751, -3.85579, -99.4528, -60.305
0.299, 6.36663, 146.69, -50.8497, -3.91656, -98.6687, -60.7696
0.3, 6.31572, 146.686, -50.9475, -3.9778, -97.8814, -61.2353
0.301, 6.26471, 146.682, -51.0446, -4.0395, -97.0909, -61.7021
0.302, 6.21361, 146.678, -51.1409, -4.10167, -96.2972, -62.1701
0.303, 6.16241, 146.674, -51.2364, -4.16431, -95.5003, -62.6392
0.304, 6.11111, 146.669, -51.3311, -4.22742, -94.7002, -63.1094
0.305, 6.05972, 146.665, -51.425, -4.291, -93.897, -63.5806
0.306, 6.00824, 146.661, -51.5181, -4.35505, -93.0906, -64.053
0.307, 5.95666, 146.656, -51.6104, -4.41958, -92.281, -64.5264
0.308, 5.905, 146.652, -51.7019, -4.48458, -91.4682, -65.001
0.309, 5.85324, 146.647, -51.7925, -4.55005, -90.6524, -65.4765
0.31, 5.80139, 146.643, -51.8824, -4.61601, -89.8334, -65.9532
0.311, 5.74945, 146.638, -51.9714, -4.68244, -89.0112, -66.4308
0.312, 5.69742, 146.634, -52.0596, -4.74935, -88.186, -66.9096
0.313, 5.6453, 146.629, -52.1469, -4.81674, -87.3577, -67.3893
0.314, 5.5931, 146.624, -52.2334, -4.88461, -86.5262, -67.87
0.315, 5.54081, 146.619, -52.3191, -4.95296, -85.6917, -68.3518
0.316, 5.48844, 146.614, -52.404, -5.02179, -84.8541, -68.8346
0.317, 5.43598, 146.609, -52.488, -5.09111, -84.0135, -69.3183
0.318, 5.38344, 146.604, -52.5712, -5.16091, -83.1698, -69.803
0.319, 5.33081, 146.599, -52.6535, -5.2312, -82.323, -70.2887
0.32, 5.27811, 146.593, -52.735, -5.30198, -81.4733, -70.7754
0.321, 5.22532, 146.588, -52.8156, -5.37324, -80.6205, -71.263
0.322, 5.17245, 146.583, -52.8954, -5.44499, -79.7647, -71.7516
0.323, 5.1195, 146.577, -52.9743, -5.51723, -78.906, -72.2411
0.324, 5.06648, 146.572, -53.0523, -5.58997, -78.0442, -72.7315
0.325, 5.01337, 146.566, -53.1295, -5.66319, -77.1795, -73.2228
0.326, 4.96019, 146.56, -53.2058, -5.7369, -76.3119, -73.715
0.327, 4.90694, 146.555, -53.2812, -5.81111, -75.4413, -74.2081
0.328, 4.85361, 146.549, -53.3558, -5.88581, -74.5678, -74.7021
0.329, 4.8002, 146.543, -53.4295, -5.96101, -73.6913, -75.197
0.33, 4.74672, 146.537, -53.5023, -6.0367, -72.812, -75.6927
0.331, 4.69317, 146.531, -53.5742, -6.11289, -71.9298, -76.1893
0.332, 4.63955, 146.525, -53.6453, -6.18958, -71.0447, -76.6868
0.333, 4.58586, 146.518, -53.7154, -6.26676, -70.1568, -77.185
0.334, 4.53209, 146.512, -53.7847, -6.34445, -69.2661, -77.6841
0.335, 4.47826, 146.506, -53.8531, -6.42263, -68.3725, -78.184
0.336, 4.42436, 146.499, -53.9206, -6.50132, -67.4761, -78.6847
0.337, 4.37039, 146.493, -53.9871, -6.5805, -66.5769, -79.1862
0.338, 4.31636, 146.486, -54.0528, -6.66019, -65.675, -79.6884
0.339, 4.26226, 146.479, -54.1176, -6.74038, -64.7703, -80.1914
0.34, 4.2081, 146.473, -54.1814, -6.82108, -63.8629, -80.6952
0.341, 4.15388, 146.466, -54.2444, -6.90228, -62.9527, -81.1997
0.342, 4.09959, 146.459, -54.3064, -6.98398, -62.0399, -81.705
0.343, 4.04524, 146.452, -54.3676, -7.06619, -61.1243, -82.2109
0.344, 3.99083, 146.445, -54.4278, -7.14891, -60.2061, -82.7176
0.345, 3.93635, 146.437, -54.487, -7.23214, -59.2852, -83.225
0.346, 3.88183, 146.43, -54.5454, -7.31587, -58.3618, -83.7331
0.347, 3.82724, 146.423, -54.6028, -7.40011, -57.4356, -84.2418
0.348, 3.77259, 146.415, -54.6593, -7.48486, -56.5069, -84.7512
0.349, 3.71789, 146.408, -54.7149, -7.57012, -55.5757, -85.2613
0.35, 3.66314, 146.4, -54.7696, -7.6559, -54.6418, -85.772
0.351, 3.60833, 146.393, -54.8233, -7.74218, -53.7055, -86.2834
0.352, 3.55346, 146.385, -54.876, -7.82898, -52.7666, -86.7953
0.353, 3.49855, 146.377, -54.9279, -7.91628, -51.8252, -87.3079
0.354, 3.44358, 146.369, -54.9787, -8.0041, -50.8814, -87.821
0.355, 3.38857, 146.361, -55.0287, -8.09244, -49.9351, -88.3348
0.356, 3.3335, 146.353, -55.0777, -8.18129, -48.9863, -88.8491
0.357, 3.27838, 146.345, -55.1257, -8.27065, -48.0352, -89.3639
0.358, 3.22322, 146.336, -55.1728, -8.36053, -47.0816, -89.8793
0.359, 3.16801, 146.328, -55.2189, -8.45093, -46.1257, -90.3953
0.36, 3.11276, 146.319, -55.2641, -8.54184, -45.1675, -90.9117
0.361, 3.05746, 146.311, -55.3083, -8.63327, -44.2069, -91.4287
0.362, 3.00211, 146.302, -55.3515, -8.72521, -43.244, -91.9462
0.363, 2.94673, 146.293, -55.3938, -8.81768, -42.2789, -92.4641
0.364, 2.8913, 146.284, -55.4351, -8.91066, -41.3115, -92.9826
0.365, 2.83583, 146.276, -55.4755, -9.00416, -40.3418, -93.5014
0.366, 2.78032, 146.266, -55.5148, -9.09818, -39.37, -94.0208
0.367, 2.72477, 146.257, -55.5532, -9.19272, -38.396, -94.5405
0.368, 2.66919, 146.248, -55.5906, -9.28778, -37.4198, -95.0607
0.369, 2.61356, 146.239, -55.6271, -9.38336, -36.4414, -95.5813
0.37, 2.5579, 146.229, -55.6625, -9.47947, -35.461, -96.1023
0.371, 2.50221, 146.22, -55.697, -9.57609, -34.4785, -96.6236
0.372, 2.44648, 146.21, -55.7305, -9.67324, -33.4939, -97.1454
0.373, 2.39072, 146.2, -55.763, -9.7709, -32.5073, -97.6675
0.374, 2.33493, 146.191, -55.7945, -9.86909, -31.5187, -98.1899
0.375, 2.27911, 146.181, -55.8251, -9.96781, -30.5281, -98.7126
0.376, 2.22325, 146.171, -55.8546, -10.067, -29.5355, -99.2357
0.377, 2.16737, 146.161, -55.8832, -10.1668, -28.541, -99.7591
0.378, 2.11146, 146.15, -55.9107, -10.2671, -27.5446, -100.283
0.379, 2.05552, 146.14, -55.9372, -10.3679, -26.5463, -100.807
0.38, 1.99955, 146.13, -55.9628, -10.4692, -25.5462, -101.331
0.381, 1.94357, 146.119, -55.9873, -10.5711, -24.5443, -101.855
0.382, 1.88755, 146.109, -56.0109, -10.6735, -23.5405, -102.38
0.383, 1.83152, 146.098, -56.0334, -10.7764, -22.535, -102.905
0.384, 1.77546, 146.087, -56.0549, -10.8798, -21.5278, -103.43
0.385, 1.71938, 146.076, -56.0755, -10.9837, -20.5188, -103.955
0.386, 1.66328, 146.065, -56.095, -11.0882, -19.5082, -104.481
0.387, 1.60716, 146.054, -56.1135, -11.1932, -18.4959, -105.007
0.388, 1.55102, 146.043, -56.1309, -11.2988, -17.482, -105.532
0.389, 1.49487, 146.031, -56.1474, -11.4048, -16.4665, -106.058
0.39, 1.4387, 146.02, -56.1629, -11.5114, -15.4494, -106.584
0.391, 1.38252, 146.008, -56.1773, -11.6185, -14.4308, -107.111
0.392, 1.32632, 145.997, -56.1907, -11.7262, -13.4107, -107.637
0.393, 1.27011, 145.985, -56.2031, -11.8343, -12.3891, -108.163
0.394, 1.21388, 145.973, -56.2145, -11.943, -11.3661, -108.69
0.395, 1.15765, 145.961, -56.2248, -12.0522, -10.3417, -109.216
0.396, 1.1014, 145.949, -56.2341, -12.162, -9.31583, -109.743
0.397, 1.04515, 145.937, -56.2424, -12.2722, -8.28865, -110.269
0.398, 0.98889, 145.924, -56.2497, -12.383, -7.26015, -110.796
0.399, 0.932623, 145.912, -56.2559, -12.4944, -6.23036, -111.322
0.4, 0.876349, 145.899, -56.2611, -12.6062, -5.19931, -111.849
0.401, 0.820072, 145.887, -56.2653, -12.7186, -4.16704, -112.376
0.402, 0.76379, 145.874, -56.2684, -12.8315, -3.13357, -112.902
0.403, 0.707506, 145.861, -56.2705, -12.9449, -2.09894, -113.429
0.404, 0.65122, 145.848, -56.2716, -13.0589, -1.06318, -113.955
0.405, 0.594934, 145.835, -56.2716, -13.1733, -0.0263212, -114.481
0.406, 0.538648, 145.822, -56.2706, -13.2884, 1.0116, -115.007
0.407, 0.482363, 145.808, -56.2685, -13.4039, 2.05055, -115.533
0.408, 0.426082, 145.795, -56.2654, -13.5199, 3.09051, -116.059
0.409, 0.369803, 145.781, -56.2613, -13.6365, 4.13142, -116.585
0.41, 0.31353, 145.768, -56.2561, -13.7536, 5.17327, -117.111
0.411, 0.257262, 145.754, -56.2499, -13.8713, 6.21601, -117.636
0.412, 0.201, 145.74, -56.2426, -13.9894, 7.25962, -118.162
0.413, 0.144747, 145.726, -56.2343, -14.1081, 8.30406, -118.687
0.414, 0.0885023, 145.712, -56.225, -14.2273, 9.3493, -119.212
0.415, 0.0322675, 145.697, -56.2146, -14.3471, 10.3953, -119.736
0.416, -0.0239564, 145.683, -56.2032, -14.4673, 11.442, -120.261
0.417, -0.0801684, 145.669, -56.1907, -14.5881, 12.4894, -120.785
0.418, -0.136367, 145.654, -56.1771, -14.7094, 13.5375, -121.309
0.419, -0.192552, 145.639, -56.1625, -14.8313, 14.5862, -121.832
0.42, -0.248722, 145.624, -56.1469, -14.9536, 15.6355, -122.356
0.421, -0.304876, 145.609, -56.1302, -15.0765, 16.6853, -122.879
0.422, -0.361012, 145.594, -56.1125, -15.1999, 17.7357, -123.401
0.423, -0.417131, 145.579, -56.0937, -15.3238, 18.7865, -123.924
0.424, -0.47323, 145.563, -56.0739, -15.4483, 19.8378, -124.445
0.425, -0.529308, 145.548, -56.053, -15.5732, 20.8895, -124.967
0.426, -0.585366, 145.532, -56.031, -15.6987, 21.9415, -125.488
0.427, -0.6414, 145.517, -56.008, -15.8247, 22.9939, -126.009
0.428, -0.697412, 145.501, -55.984, -15.9513, 24.0466, -126.529
0.429, -0.753398, 145.485, -55.9589, -16.0783, 25.0996, -127.049
0.43, -0.80936, 145.469, -55.9327, -16.2059, 26.1528, -127.569
0.431, -0.865294, 145.452, -55.9055, -16.334, 27.2062, -128.088
0.432, -0.921201, 145.436, -55.8773, -16.4626, 28.2597, -128.607
0.433, -0.977079, 145.419, -55.848, -16.5917, 29.3134, -129.125
0.434, -1.03293, 145.403, -55.8176, -16.7213, 30.3672, -129.642
0.435, -1.08874, 145.386, -55.7862, -16.8515, 31.421, -130.159
0.436, -1.14453, 145.369, -55.7537, -16.9822, 32.4748, -130.676
0.437, -1.20028, 145.352, -55.7202, -17.1134, 33.5285, -131.192
0.438, -1.256, 145.335, -55.6856, -17.2451, 34.5823, -131.707
0.439, -1.31168, 145.317, -55.6499, -17.3773, 35.6359, -132.222
0.44, -1.36733, 145.3, -55.6133, -17.51, 36.6893, -132.737
0.441, -1.42294, 145.282, -55.5755, -17.6433, 37.7426, -133.25
0.442, -1.47851, 145.265, -55.5367, -17.777, 38.7957, -133.763
0.443, -1.53404, 145.247, -55.4969, -17.9113, 39.8485, -134.276
0.444, -1.58954, 145.229, -55.456, -18.0461, 40.9011, -134.788
0.445, -1.64499, 145.211, -55.414, -18.1814, 41.9533, -135.299
0.446, -1.7004, 145.193, -55.371, -18.3172, 43.0052, -135.809
0.447, -1.75576, 145.174, -55.327, -18.4535, 44.0566, -136.319
0.448, -1.81108, 145.156, -55.2818, -18.5904, 45.1076, -136.828
0.449, -1.86635, 145.137, -55.2357, -18.7277, 46.1581, -137.337
0.45, -1.92158, 145.118, -55.1885, -18.8655, 47.2082, -137.845
0.451, -1.97676, 145.099, -55.1402, -19.0039, 48.2576, -138.352
0.452, -2.03189, 145.08, -55.0909, -19.1428, 49.3065, -138.858
0.453, -2.08698, 145.061, -55.0406, -19.2821, 50.3547, -139.363
0.454, -2.14201, 145.042, -54.9892, -19.422, 51.4023, -139.868
0.455, -2.19698, 145.022, -54.9367, -19.5624, 52.4492, -140.372
0.456, -2.25191, 145.003, -54.8832, -19.7032, 53.4953, -140.875
0.457, -2.30678, 144.983, -54.8287, -19.8446, 54.5407, -141.377
0.458, -2.3616, 144.963, -54.7731, -19.9865, 55.5852, -141.879
0.459, -2.41636, 144.943, -54.7165, -20.1289, 56.6289, -142.379
0.46, -2.47106, 144.923, -54.6588, -20.2717, 57.6717, -142.879
0.461, -2.52571, 144.902, -54.6001, -20.4151, 58.7135, -143.378
0.462, -2.58029, 144.882, -54.5403, -20.559, 59.7544, -143.876
0.463, -2.63482, 144.861, -54.4795, -20.7034, 60.7943, -144.373
0.464, -2.68928, 144.84, -54.4177, -20.8482, 61.8332, -144.869
0.465, -2.74369, 144.82, -54.3548, -20.9936, 62.8709, -145.364
0.466, -2.79803, 144.798, -54.2909, -21.1395, 63.9075, -145.859
0.467, -2.8523, 144.777, -54.226, -21.2858, 64.943, -146.352
0.468, -2.90651, 144.756, -54.16, -21.4327, 65.9773, -146.845
0.469, -2.96065, 144.734, -54.093, -21.58, 67.0104, -147.336
0.47, -3.01473, 144.713, -54.0249, -21.7278, 68.0421, -147.827
0.471, -3.06873, 144.691, -53.9559, -21.8761, 69.0726, -148.316
0.472, -3.12267, 144.669, -53.8858, -22.0249, 70.1017, -148.805
0.473, -3.17654, 144.647, -53.8146, -22.1742, 71.1295, -149.292
0.474, -3.23033, 144.625, -53.7425, -22.324, 72.1558, -149.779
0.475, -3.28405, 144.602, -53.6693, -22.4743, 73.1807, -150.264
0.476, -3.3377, 144.58, -53.5951, -22.625, 74.2041, -150.748
0.477, -3.39127, 144.557, -53.5199, -22.7763, 75.2259, -151.232
0.478, -3.44477, 144.534, -53.4436, -22.928, 76.2462, -151.714
0.479, -3.49819, 144.511, -53.3664, -23.0802, 77.2649, -152.195
0.48, -3.55154, 144.488, -53.2881, -23.2328, 78.2819, -152.675
0.481, -3.6048, 144.465, -53.2088, -23.386, 79.2973, -153.154
0.482, -3.65799, 144.441, -53.1285, -23.5396, 80.3109, -153.632
0.483, -3.71109, 144.418, -53.0471, -23.6937, 81.3228, -154.108
0.484, -3.76411, 144.394, -52.9648, -23.8483, 82.3329, -154.584
0.485, -3.81705, 144.37, -52.8815, -24.0034, 83.3412, -155.058
0.486, -3.86991, 144.346, -52.7971, -24.1589, 84.3476, -155.531
0.487, -3.92268, 144.322, -52.7118, -24.3149, 85.3521, -156.003
0.488, -3.97536, 144.297, -52.6254, -24.4714, 86.3547, -156.474
0.489, -4.02796, 144.273, -52.5381, -24.6283, 87.3554, -156.944
0.49, -4.08047, 144.248, -52.4497, -24.7857, 88.354, -157.412
0.491, -4.13289, 144.223, -52.3604, -24.9436, 89.3506, -157.879
0.492, -4.18522, 144.198, -52.27, -25.102, 90.3451, -158.345
0.493, -4.23746, 144.173, -52.1787, -25.2608, 91.3375, -158.81
0.494, -4.28961, 144.148, -52.0863, -25.4201, 92.3278, -159.273
0.495, -4.34167, 144.122, -51.993, -25.5798, 93.3159, -159.736
0.496, -4.39363, 144.096, -51.8987, -25.74, 94.3018, -160.197
0.497, -4.4455, 144.071, -51.8034, -25.9006, 95.2854, -160.656
0.498, -4.49727, 144.045, -51.7072, -26.0618, 96.2668, -161.115
0.499, -4.54894, 144.019, -51.6099, -26.2233, 97.2458, -161.572
0.5, -4.60052, 143.992, -51.5117, -26.3854, 98.2225, -162.027
0.501, -4.652, 143.966, -51.4125, -26.5478, 99.1969, -162.482
0.502, -4.70338, 143.939, -51.3123, -26.7108, 100.169, -162.935
0.503, -4.75466, 143.912, -51.2112, -26.8742, 101.138, -163.387
0.504, -4.80583, 143.885, -51.1091, -27.038, 102.105, -163.837
0.505, -4.85691, 143.858, -51.006, -27.2023, 103.07, -164.286
0.506, -4.90788, 143.831, -50.902, -27.367, 104.032, -164.734
0.507, -4.95874, 143.804, -50.797, -27.5322, 104.991, -165.18
0.508, -5.0095, 143.776, -50.6911, -27.6978, 105.948, -165.625
0.509, -5.06016, 143.748, -50.5842, -27.8639, 106.902, -166.069
0.51, -5.1107, 143.72, -50.4763, -28.0304, 107.853, -166.511
0.511, -5.16114, 143.692, -50.3675, -28.1974, 108.802, -166.951
0.512, -5.21147, 143.664, -50.2578, -28.3647, 109.748, -167.391
0.513, -5.26169, 143.635, -50.1471, -28.5326, 110.691, -167.829
0.514, -5.3118, 143.607, -50.0354, -28.7008, 111.631, -168.265
0.515, -5.36179, 143.578, -49.9229, -28.8695, 112.569, -168.7
0.516, -5.41167, 143.549, -49.8094, -29.0387, 113.504, -169.134
0.517, -5.46144, 143.52, -49.6949, -29.2082, 114.435, -169.566
0.518, -5.5111, 143.491, -49.5796, -29.3782, 115.364, -169.997
0.519, -5.56064, 143.461, -49.4633, -29.5487, 116.29, -170.426
0.52, -5.61006, 143.432, -49.3461, -29.7195, 117.213, -170.854
0.521, -5.65936, 143.402, -49.2279, -29.8908, 118.133, -171.28
0.522, -5.70854, 143.372, -49.1089, -30.0625, 119.05, -171.705
0.523, -5.75761, 143.342, -48.9889, -30.2346, 119.964, -172.128
0.524, -5.80655, 143.311, -48.868, -30.4072, 120.875, -172.55
0.525, -5.85538, 143.281, -48.7463, -30.5801, 121.782, -172.97
0.526, -5.90408, 143.25, -48.6236, -30.7535, 122.687, -173.389
0.527, -5.95266, 143.219, -48.5, -30.9273, 123.588, -173.806
0.528, -6.00111, 143.188, -48.3755, -31.1016, 124.486, -174.222
0.529, -6.04944, 143.157, -48.2501, -31.2762, 125.381, -174.636
0.53, -6.09764, 143.126, -48.1238, -31.4512, 126.273, -175.049
0.531, -6.14572, 143.094, -47.9967, -31.6267, 127.161, -175.46
0.532, -6.19367, 143.063, -47.8686, -31.8026, 128.046, -175.87
0.533, -6.24149, 143.031, -47.7397, -31.9789, 128.928, -176.278
0.534, -6.28918, 142.999, -47.6099, -32.1555, 129.806, -176.684
0.535, -6.33674, 142.966, -47.4792, -32.3326, 130.681, -177.089
0.536, -6.38417, 142.934, -47.3477, -32.5101, 131.553, -177.493
0.537, -6.43147, 142.901, -47.2152, -32.688, 132.421, -177.894
0.538, -6.47864, 142.869, -47.082, -32.8663, 133.285, -178.295
0.539, -6.52567, 142.836, -46.9478, -33.045, 134.146, -178.693
0.54, -6.57257, 142.803, -46.8128, -33.2241, 135.004, -179.09
0.541, -6.61933, 142.769, -46.6769, -33.4036, 135.858, -179.486
0.542, -6.66595, 142.736, -46.5402, -33.5835, 136.709, -179.88
0.543, -6.71244, 142.702, -46.4027, -33.7637, 137.556, -180.272
0.544, -6.75879, 142.668, -46.2643, -33.9444, 138.399, -180.663
0.545, -6.805, 142.634, -46.125, -34.1254, 139.239, -181.052
0.546, -6.85107, 142.6, -45.985, -34.3069, 140.075, -181.44
0.547, -6.897, 142.566, -45.8441, -34.4887, 140.907, -181.826
0.548, -6.94279, 142.531, -45.7023, -34.6709, 141.736, -182.21
0.549, -6.98844, 142.496, -45.5598, -34.8535, 142.561, -182.593
0.55, -7.03395, 142.461, -45.4164, -35.0365, 143.383, -182.974
0.551, -7.07931, 142.426, -45.2722, -35.2198, 144.2, -183.354
0.552, -7.12452, 142.391, -45.1272, -35.4036, 145.014, -183.732
0.553, -7.16959, 142.355, -44.9813, -35.5877, 145.824, -184.108
0.554, -7.21452, 142.32, -44.8347, -35.7722, 146.63, -184.483
0.555, -7.2593, 142.284, -44.6873, -35.957, 147.433, -184.856
0.556, -7.30393, 142.248, -44.5391, -36.1422, 148.231, -185.227
0.557, -7.34841, 142.212, -44.39, -36.3278, 149.026, -185.597
0.558, -7.39274, 142.175, -44.2402, -36.5138, 149.817, -185.965
0.559, -7.43692, 142.139, -44.0896, -36.7001, 150.604, -186.332
0.56, -7.48095, 142.102, -43.9382, -36.8868, 151.387, -186.697
0.561, -7.52483, 142.065, -43.7861, -37.0739, 152.166, -187.06
0.562, -7.56855, 142.028, -43.6331, -37.2613, 152.941, -187.422
0.563, -7.61213, 141.99, -43.4794, -37.4491, 153.712, -187.782
0.564, -7.65555, 141.953, -43.3249, -37.6372, 154.479, -188.141
0.565, -7.69881, 141.915, -43.1697, -37.8257, 155.243, -188.497
0.566, -7.74192, 141.877, -43.0137, -38.0146, 156.002, -188.853
0.567, -7.78487, 141.839, -42.8569, -38.2038, 156.757, -189.206
0.568, -7.82766, 141.801, -42.6994, -38.3934, 157.508, -189.558
0.569, -7.8703, 141.762, -42.5412, -38.5833, 158.255, -189.909
0.57, -7.91278, 141.724, -42.3822, -38.7735, 158.998, -190.257
0.571, -7.9551, 141.685, -42.2224, -38.9641, 159.737, -190.604
0.572, -7.99726, 141.646, -42.062, -39.1551, 160.472, -190.95
0.573, -8.03926, 141.606, -41.9007, -39.3464, 161.203, -191.294
0.574, -8.08104, 141.567, -41.6151, -39.4204, 285.634, -74.0186
0.575, -8.12252, 141.528, -41.3096, -39.4732, 305.468, -52.8459
0.576, -8.16369, 141.488, -41.0059, -39.5251, 303.749, -51.9109
0.577, -8.20456, 141.449, -40.7039, -39.5761, 302.036, -50.9805
0.578, -8.24513, 141.409, -40.4035, -39.6262, 300.33, -50.0547
0.579, -8.2854, 141.369, -40.1049, -39.6753, 298.63, -49.1336
0.58, -8.32537, 141.33, -39.808, -39.7235, 296.936, -48.2171
0.581, -8.36505, 141.29, -39.5127, -39.7708, 295.249, -47.3052
0.582, -8.40443, 141.25, -39.2191, -39.8172, 293.569, -46.3978
0.583, -8.44352, 141.21, -38.9273, -39.8627, 291.895, -45.4951
0.584, -8.48232, 141.17, -38.637, -39.9073, 290.228, -44.5969
0.585, -8.52083, 141.13, -38.3485, -39.951, 288.567, -43.7032
0.586, -8.55905, 141.09, -38.0615, -39.9938, 286.913, -42.814
0.587, -8.59698, 141.05, -37.7763, -40.0358, 285.266, -41.9294
0.588, -8.63463, 141.01, -37.4927, -40.0768, 283.625, -41.0493
0.589, -8.672, 140.97, -37.2107, -40.117, 281.991, -40.1736
0.59, -8.70909, 140.93, -36.9303, -40.1563, 280.364, -39.3024
0.591, -8.74589, 140.89, -36.6516, -40.1947, 278.743, -38.4356
0.592, -8.78242, 140.85, -36.3744, -40.2323, 277.129, -37.5733
0.593, -8.81867, 140.81, -36.0989, -40.269, 275.521, -36.7154
0.594, -8.85465, 140.769, -35.825, -40.3049, 273.921, -35.8619
0.595, -8.89035, 140.729, -35.5527, -40.3399, 272.327, -35.0127
0.596, -8.92579, 140.689, -35.2819, -40.3741, 270.739, -34.168
0.597, -8.96095, 140.648, -35.0128, -40.4074, 269.159, -33.3275
0.598, -8.99584, 140.608, -34.7452, -40.4399, 267.585, -32.4915
0.599, -9.03047, 140.567, -34.4792, -40.4715, 266.017, -31.6597
0.6, -9.06483, 140.527, -34.2147, -40.5024, 264.457, -30.8322
0.601, -9.09893, 140.486, -33.9518, -40.5324, 262.903, -30.0091
0.602, -9.13276, 140.446, -33.6904, -40.5616, 261.355, -29.1902
0.603, -9.16634, 140.405, -33.4306, -40.59, 259.815, -28.3755
0.604, -9.19966, 140.365, -33.1723, -40.6175, 258.281, -27.5651
0.605, -9.23271, 140.324, -32.9156, -40.6443, 256.754, -26.7589
0.606, -9.26552, 140.283, -32.6604, -40.6702, 255.234, -25.9569
0.607, -9.29806, 140.243, -32.4066, -40.6954, 253.72, -25.159
0.608, -9.33036, 140.202, -32.1544, -40.7198, 252.213, -24.3654
0.609, -9.3624, 140.161, -31.9037, -40.7433, 250.713, -23.5759
0.61, -9.3942, 140.12, -31.6545, -40.7661, 249.219, -22.7905
0.611, -9.42574, 140.08, -31.4068, -40.7881, 247.732, -22.0092
0.612, -9.45704, 140.039, -31.1605, -40.8094, 246.252, -21.232
0.613, -9.48809, 139.998, -30.9157, -40.8298, 244.778, -20.4589
0.614, -9.5189, 139.957, -30.6724, -40.8495, 243.311, -19.6899
0.615, -9.54947, 139.916, -30.4306, -40.8684, 241.851, -18.9249
0.616, -9.57979, 139.876, -30.1902, -40.8866, 240.397, -18.1639
0.617, -9.60987, 139.835, -29.9512, -40.904, 238.95, -17.407
0.618, -9.63972, 139.794, -29.7137, -40.9207, 237.509, -16.654
0.619, -9.66933, 139.753, -29.4776, -40.9366, 236.076, -15.905
0.62, -9.6987, 139.712, -29.243, -40.9517, 234.648, -15.1599
0.621, -9.72784, 139.671, -29.0098, -40.9661, 233.228, -14.4188
0.622, -9.75675, 139.63, -28.7779, -40.9798, 231.814, -13.6816
0.623, -9.78543, 139.589, -28.5475, -40.9928, 230.406, -12.9483
0.624, -9.81388, 139.548, -28.3185, -41.005, 229.005, -12.2188
0.625, -9.84209, 139.507, -28.0909, -41.0165, 227.611, -11.4933
0.626, -9.87009, 139.466, -27.8647, -41.0273, 226.223, -10.7715
0.627, -9.89785, 139.425, -27.6399, -41.0373, 224.842, -10.0536
0.628, -9.92539, 139.384, -27.4164, -41.0467, 223.467, -9.33955
0.629, -9.95271, 139.343, -27.1943, -41.0553, 222.099, -8.62925
0.63, -9.97981, 139.302, -26.9736, -41.0632, 220.737, -7.92273
0.631, -10.0067, 139.261, -26.7542, -41.0704, 219.382, -7.21995
0.632, -10.0333, 139.22, -26.5361, -41.0769, 218.033, -6.52092
0.633, -10.0598, 139.179, -26.3195, -41.0828, 216.691, -5.8256
0.634, -10.086, 139.137, -26.1041, -41.0879, 215.355, -5.13398
0.635, -10.112, 139.096, -25.8901, -41.0924, 214.026, -4.44604
0.636, -10.1378, 139.055, -25.6774, -41.0961, 212.702, -3.76176
0.637, -10.1634, 139.014, -25.466, -41.0992, 211.386, -3.08113
0.638, -10.1888, 138.973, -25.2559, -41.1016, 210.075, -2.40413
0.639, -10.2139, 138.932, -25.0471, -41.1033, 208.771, -1.73074
0.64, -10.2389, 138.891, -24.8397, -41.1044, 207.474, -1.06094
0.641, -10.2636, 138.85, -24.6335, -41.1048, 206.182, -0.39471
0.642, -10.2882, 138.809, -24.4286, -41.1045, 204.897, 0.267964
0.643, -10.3125, 138.768, -24.225, -41.1036, 203.619, 0.927099
0.644, -10.3367, 138.727, -24.0226, -41.102, 202.346, 1.58272
0.645, -10.3606, 138.685, -23.8215, -41.0998, 201.08, 2.23483
0.646, -10.3843, 138.644, -23.6217, -41.0969, 199.82, 2.88346
0.647, -10.4079, 138.603, -23.4232, -41.0934, 198.566, 3.52863
0.648, -10.4312, 138.562, -23.2258, -41.0892, 197.319, 4.17035
0.649, -10.4543, 138.521, -23.0298, -41.0844, 196.077, 4.80863
0.65, -10.4773, 138.48, -22.8349, -41.0789, 194.842, 5.44351
0.651, -10.5, 138.439, -22.6413, -41.0729, 193.613, 6.07499
0.652, -10.5226, 138.398, -22.4489, -41.0662, 192.39, 6.7031
0.653, -10.545, 138.357, -22.2577, -41.0588, 191.173, 7.32784
0.654, -10.5671, 138.316, -22.0678, -41.0509, 189.962, 7.94924
0.655, -10.5891, 138.275, -21.879, -41.0423, 188.757, 8.56732
0.656, -10.6109, 138.234, -21.6915, -41.0331, 187.559, 9.1821
0.657, -10.6325, 138.193, -21.5051, -41.0233, 186.366, 9.79358
0.658, -10.654, 138.152, -21.3199, -41.0129, 185.179, 10.4018
0.659, -10.6752, 138.111, -21.1359, -41.0019, 183.999, 11.0068
0.66, -10.6963, 138.07, -20.9531, -40.9903, 182.824, 11.6085
0.661, -10.7171, 138.029, -20.7714, -40.9781, 181.655, 12.207
0.662, -10.7378, 137.988, -20.5909, -40.9653, 180.492, 12.8023
0.663, -10.7583, 137.947, -20.4116, -40.9519, 179.335, 13.3944
0.664, -10.7787, 137.906, -20.2334, -40.9379, 178.184, 13.9833
0.665, -10.7988, 137.865, -20.0564, -40.9234, 177.039, 14.5691
0.666, -10.8188, 137.824, -19.8805, -40.9082, 175.899, 15.1518
0.667, -10.8386, 137.783, -19.7057, -40.8925, 174.766, 15.7313
0.668, -10.8582, 137.742, -19.5321, -40.8762, 173.638, 16.3078
0.669, -10.8777, 137.701, -19.3596, -40.8593, 172.516, 16.8812
0.67, -10.897, 137.66, -19.1882, -40.8418, 171.399, 17.4515
0.671, -10.9161, 137.62, -19.0179, -40.8238, 170.289, 18.0187
0.672, -10.935, 137.579, -18.8487, -40.8052, 169.184, 18.5829
0.673, -10.9538, 137.538, -18.6806, -40.7861, 168.085, 19.1441
0.674, -10.9724, 137.497, -18.5136, -40.7664, 166.991, 19.7023
0.675, -10.9909, 137.456, -18.3477, -40.7461, 165.903, 20.2575
0.676, -11.0091, 137.416, -18.1829, -40.7253, 164.821, 20.8098
0.677, -11.0273, 137.375, -18.0192, -40.704, 163.744, 21.3591
0.678, -11.0452, 137.334, -17.8565, -40.6821, 162.673, 21.9055
0.679, -11.063, 137.294, -17.6949, -40.6596, 161.607, 22.4489
0.68, -11.0806, 137.253, -17.5343, -40.6366, 160.547, 22.9895
0.681, -11.0981, 137.212, -17.3748, -40.6131, 159.492, 23.5271
0.682, -11.1154, 137.172, -17.2164, -40.589, 158.443, 24.0619
0.683, -11.1325, 137.131, -17.059, -40.5644, 157.399, 24.5939
0.684, -11.1495, 137.091, -16.9026, -40.5393, 156.361, 25.123
0.685, -11.1664, 137.05, -16.7473, -40.5137, 155.328, 25.6493
0.686, -11.183, 137.01, -16.593, -40.4875, 154.301, 26.1728
0.687, -11.1996, 136.969, -16.4397, -40.4608, 153.279, 26.6935
0.688, -11.2159, 136.929, -16.2875, -40.4336, 152.262, 27.2114
0.689, -11.2322, 136.888, -16.1362, -40.4059, 151.25, 27.7265
0.69, -11.2482, 136.848, -15.986, -40.3776, 150.244, 28.239
0.691, -11.2642, 136.808, -15.8367, -40.3489, 149.243, 28.7487
0.692, -11.2799, 136.767, -15.6885, -40.3196, 148.248, 29.2556
0.693, -11.2956, 136.727, -15.5412, -40.2899, 147.257, 29.7599
0.694, -11.311, 136.687, -15.3949, -40.2596, 146.272, 30.2615
0.695, -11.3264, 136.646, -15.2497, -40.2288, 145.292, 30.7605
0.696, -11.3416, 136.606, -15.1053, -40.1976, 144.317, 31.2568
0.697, -11.3566, 136.566, -14.962, -40.1658, 143.347, 31.7504
0.698, -11.3715, 136.526, -14.8196, -40.1336, 142.383, 32.2415
0.699, -11.3863, 136.486, -14.6782, -40.1009, 141.423, 32.7299
0.7, -11.4009, 136.446, -14.5377, -40.0676, 140.469, 33.2157
0.701, -11.4154, 136.406, -14.3982, -40.0339, 139.519, 33.699
0.702, -11.4297, 136.366, -14.2596, -39.9998, 138.575, 34.1797
0.703, -11.4439, 136.326, -14.122, -39.9651, 137.635, 34.6579
0.704, -11.458, 136.286, -13.9853, -39.93, 136.701, 35.1335
0.705, -11.4719, 136.246, -13.8495, -39.8944, 135.771, 35.6066
0.706, -11.4857, 136.206, -13.7147, -39.8583, 134.847, 36.0772
0.707, -11.4993, 136.166, -13.5807, -39.8217, 133.927, 36.5453
0.708, -11.5129, 136.126, -13.4477, -39.7847, 133.012, 37.0109
0.709, -11.5263, 136.087, -13.3156, -39.7473, 132.102, 37.4741
0.71, -11.5395, 136.047, -13.1844, -39.7093, 131.197, 37.9349
0.711, -11.5527, 136.007, -13.0541, -39.6709, 130.297, 38.3932
0.712, -11.5656, 135.968, -12.9247, -39.6321, 129.402, 38.849
0.713, -11.5785, 135.928, -12.7962, -39.5928, 128.511, 39.3025
0.714, -11.5913, 135.888, -12.6686, -39.553, 127.625, 39.7536
0.715, -11.6039, 135.849, -12.5418, -39.5128, 126.744, 40.2023
0.716, -11.6164, 135.809, -12.416, -39.4722, 125.867, 40.6487
0.717, -11.6287, 135.77, -12.291, -39.4311, 124.995, 41.0927
0.718, -11.641, 135.73, -12.1669, -39.3896, 124.128, 41.5343
0.719, -11.6531, 135.691, -12.0436, -39.3476, 123.265, 41.9737
0.72, -11.6651, 135.652, -11.9212, -39.3052, 122.407, 42.4107
0.721, -11.6769, 135.612, -11.7996, -39.2623, 121.554, 42.8455
0.722, -11.6887, 135.573, -11.6789, -39.219, 120.705, 43.2779
0.723, -11.7003, 135.534, -11.5591, -39.1753, 119.861, 43.7081
0.724, -11.7118, 135.495, -11.44, -39.1312, 119.021, 44.136
0.725, -11.7232, 135.456, -11.3219, -39.0866, 118.186, 44.5617
0.726, -11.7345, 135.417, -11.2045, -39.0417, 117.355, 44.9852
0.727, -11.7456, 135.378, -11.088, -38.9962, 116.529, 45.4064
0.728, -11.7567, 135.339, -10.9723, -38.9504, 115.707, 45.8254
0.729, -11.7676, 135.3, -10.8574, -38.9042, 114.889, 46.2423
0.73, -11.7784, 135.261, -10.7433, -38.8575, 114.076, 46.6569
0.731, -11.7891, 135.222, -10.63, -38.8105, 113.268, 47.0694
0.732, -11.7997, 135.183, -10.5176, -38.763, 112.463, 47.4798
0.733, -11.8102, 135.145, -10.4059, -38.7151, 111.663, 47.888
0.734, -11.8205, 135.106, -10.295, -38.6668, 110.867, 48.294
0.735, -11.8308, 135.067, -10.185, -38.6181, 110.076, 48.698
0.736, -11.8409, 135.029, -10.0757, -38.569, 109.289, 49.0998
0.737, -11.8509, 134.99, -9.96717, -38.5195, 108.506, 49.4996
0.738, -11.8609, 134.952, -9.85944, -38.4696, 107.727, 49.8972
0.739, -11.8707, 134.913, -9.75249, -38.4193, 106.953, 50.2928
0.74, -11.8804, 134.875, -9.64631, -38.3686, 106.182, 50.6864
0.741, -11.89, 134.836, -9.54089, -38.3175, 105.416, 51.0779
0.742, -11.8995, 134.798, -9.43624, -38.2661, 104.654, 51.4673
0.743, -11.9089, 134.76, -9.33234, -38.2142, 103.896, 51.8547
0.744, -11.9182, 134.722, -9.2292, -38.162, 103.142, 52.2402
0.745, -11.9274, 134.684, -9.12681, -38.1094, 102.393, 52.6236
0.746, -11.9364, 134.646, -9.02516, -38.0563, 101.647, 53.005
0.747, -11.9454, 134.608, -8.92425, -38.003, 100.905, 53.3845
0.748, -11.9543, 134.57, -8.82409, -37.9492, 100.168, 53.762
0.749, -11.9631, 134.532, -8.72465, -37.8951, 99.4338, 54.1375
0.75, -11.9718, 134.494, -8.62595, -37.8406, 98.7041, 54.5111
0.751, -11.9804, 134.456, -8.52797, -37.7857, 97.9784, 54.8828
0.752, -11.9889, 134.418, -8.43071, -37.7304, 97.2566, 55.2526
0.753, -11.9972, 134.38, -8.33417, -37.6748, 96.5387, 55.6204
0.754, -12.0055, 134.343, -8.23835, -37.6188, 95.8246, 55.9863
0.755, -12.0137, 134.305, -8.14324, -37.5625, 95.1145, 56.3504
0.756, -12.0218, 134.268, -8.04883, -37.5057, 94.4082, 56.7125
0.757, -12.0299, 134.23, -7.95512, -37.4487, 93.7057, 57.0729
0.758, -12.0378, 134.193, -7.86211, -37.3912, 93.0071, 57.4313
0.759, -12.0456, 134.155, -7.7698, -37.3335, 92.3122, 57.7879
0.76, -12.0533, 134.118, -7.67818, -37.2753, 91.6212, 58.1427
0.761, -12.061, 134.081, -7.58725, -37.2168, 90.9338, 58.4956
0.762, -12.0685, 134.044, -7.497, -37.158, 90.2502, 58.8467
0.763, -12.076, 134.007, -7.40743, -37.0988, 89.5704, 59.1961
0.764, -12.0833, 133.97, -7.31853, -37.0392, 88.8942, 59.5436
0.765, -12.0906, 133.933, -7.23031, -36.9793, 88.2217, 59.8893
0.766, -12.0978, 133.896, -7.14276, -36.9191, 87.5528, 60.2333
0.767, -12.1049, 133.859, -7.05587, -36.8585, 86.8876, 60.5755
0.768, -12.112, 133.822, -6.96964, -36.7976, 86.226, 60.916
0.769, -12.1189, 133.785, -6.88408, -36.7364, 85.568, 61.2547
0.77, -12.1257, 133.748, -6.79916, -36.6748, 84.9136, 61.5916
0.771, -12.1325, 133.712, -6.7149, -36.6128, 84.2628, 61.9269
0.772, -12.1392, 133.675, -6.63128, -36.5506, 83.6155, 62.2604
0.773, -12.1458, 133.639, -6.54831, -36.488, 82.9718, 62.5922
0.774, -12.1523, 133.602, -6.46598, -36.4251, 82.3315, 62.9224
0.775, -12.1587, 133.566, -6.38429, -36.3618, 81.6947, 63.2508
0.776, -12.1651, 133.53, -6.30322, -36.2982, 81.0615, 63.5776
0.777, -12.1714, 133.493, -6.22279, -36.2343, 80.4316, 63.9027
0.778, -12.1775, 133.457, -6.14299, -36.1701, 79.8052, 64.2261
0.779, -12.1837, 133.421, -6.06381, -36.1056, 79.1823, 64.5479
0.78, -12.1897, 133.385, -5.98524, -36.0407, 78.5627, 64.868
0.781, -12.1956, 133.349, -5.9073, -35.9755, 77.9465, 65.1865
0.782, -12.2015, 133.313, -5.82996, -35.91, 77.3337, 65.5034
0.783, -12.2073, 133.277, -5.75324, -35.8442, 76.7242, 65.8187
0.784, -12.213, 133.241, -5.67712, -35.7781, 76.1181, 66.1324
0.785, -12.2187, 133.205, -5.60161, -35.7116, 75.5152, 66.4445
0.786, -12.2243, 133.17, -5.52669, -35.6449, 74.9157, 66.7549
0.787, -12.2298, 133.134, -5.45237, -35.5778, 74.3195, 67.0638
0.788, -12.2352, 133.099, -5.37864, -35.5104, 73.7265, 67.3712
0.789, -12.2405, 133.063, -5.30551, -35.4427, 73.1367, 67.677
0.79, -12.2458, 133.028, -5.23296, -35.3748, 72.5502, 67.9812
0.791, -12.251, 132.992, -5.16099, -35.3065, 71.9669, 68.2839
0.792, -12.2561, 132.957, -5.0896, -35.2379, 71.3868, 68.585
0.793, -12.2612, 132.922, -5.01879, -35.169, 70.8099, 68.8846
0.794, -12.2662, 132.887, -4.94856, -35.0998, 70.2361, 69.1827
0.795, -12.2711, 132.852, -4.87889, -35.0303, 69.6655, 69.4793
0.796, -12.276, 132.817, -4.80979, -34.9606, 69.0981, 69.7744
0.797, -12.2807, 132.782, -4.74126, -34.8905, 68.5337, 70.0679
0.798, -12.2855, 132.747, -4.67329, -34.8201, 67.9724, 70.36
0.799, -12.2901, 132.712, -4.60587, -34.7495, 67.4142, 70.6507
0.8, -12.2947, 132.677, -4.53901, -34.6786, 66.8591, 70.9398
0.801, -12.2992, 132.643, -4.47271, -34.6073, 66.307, 71.2275
0.802, -12.3036, 132.608, -4.40695, -34.5358, 65.758, 71.5137
0.803, -12.308, 132.574, -4.34174, -34.464, 65.212, 71.7985
0.804, -12.3123, 132.539, -4.27707, -34.3919, 64.669, 72.0818
0.805, -12.3166, 132.505, -4.21294, -34.3196, 64.1289, 72.3637
0.806, -12.3208, 132.471, -4.14935, -34.2469, 63.5919, 72.6442
0.807, -12.3249, 132.437, -4.08629, -34.174, 63.0578, 72.9232
0.808, -12.329, 132.402, -4.02376, -34.1008, 62.5266, 73.2009
0.809, -12.333, 132.368, -3.96176, -34.0273, 61.9984, 73.4771
0.81, -12.3369, 132.334, -3.90029, -33.9536, 61.4731, 73.752
0.811, -12.3408, 132.3, -3.83934, -33.8795, 60.9506, 74.0254
0.812, -12.3446, 132.267, -3.77891, -33.8053, 60.4311, 74.2975
0.813, -12.3484, 132.233, -3.719, -33.7307, 59.9144, 74.5682
0.814, -12.352, 132.199, -3.65959, -33.6558, 59.4006, 74.8375
0.815, -12.3557, 132.165, -3.6007, -33.5807, 58.8896, 75.1055
0.816, -12.3593, 132.132, -3.54232, -33.5054, 58.3814, 75.3721
0.817, -12.3628, 132.098, -3.48445, -33.4297, 57.876, 75.6374
0.818, -12.3662, 132.065, -3.42707, -33.3538, 57.3735, 75.9013
0.819, -12.3697, 132.032, -3.3702, -33.2777, 56.8737, 76.1639
0.82, -12.373, 131.999, -3.31382, -33.2012, 56.3767, 76.4252
0.821, -12.3763, 131.965, -3.25794, -33.1246, 55.8824, 76.6851
0.822, -12.3795, 131.932, -3.20255, -33.0476, 55.3908, 76.9438
0.823, -12.3827, 131.899, -3.14765, -32.9704, 54.902, 77.2011
0.824, -12.3858, 131.866, -3.09323, -32.893, 54.4159, 77.4571
0.825, -12.3889, 131.834, -3.0393, -32.8152, 53.9325, 77.7119
0.826, -12.3919, 131.801, -2.98585, -32.7373, 53.4518, 77.9653
0.827, -12.3949, 131.768, -2.93287, -32.6591, 52.9737, 78.2175
0.828, -12.3978, 131.735, -2.88038, -32.5806, 52.4983, 78.4684
0.829, -12.4007, 131.703, -2.82835, -32.5019, 52.0255, 78.7181
0.83, -12.4035, 131.67, -2.7768, -32.4229, 51.5553, 78.9664
0.831, -12.4062, 131.638, -2.72571, -32.3437, 51.0878, 79.2136
0.832, -12.4089, 131.606, -2.67508, -32.2642, 50.6229, 79.4594
0.833, -12.4116, 131.574, -2.62492, -32.1845, 50.1605, 79.7041
0.834, -12.4142, 131.541, -2.57522, -32.1046, 49.7008, 79.9475
0.835, -12.4168, 131.509, -2.52598, -32.0244, 49.2435, 80.1896
0.836, -12.4193, 131.477, -2.47719, -31.944, 48.7889, 80.4306
0.837, -12.4217, 131.445, -2.42885, -31.8633, 48.3367, 80.6703
0.838, -12.4241, 131.414, -2.38097, -31.7824, 47.8871, 80.9088
0.839, -12.4265, 131.382, -2.33353, -31.7012, 47.44, 81.1461
0.84, -12.4288, 131.35, -2.28653, -31.6199, 46.9954, 81.3822
0.841, -12.4311, 131.319, -2.23998, -31.5382, 46.5533, 81.6171
0.842, -12.4333, 131.287, -2.19386, -31.4564, 46.1136, 81.8508
0.843, -12.4355, 131.256, -2.14819, -31.3743, 45.6765, 82.0834
0.844, -12.4376, 131.224, -2.10295, -31.292, 45.2417, 82.3147
0.845, -12.4397, 131.193, -2.05814, -31.2094, 44.8094, 82.5449
0.846, -12.4417, 131.162, -2.01376, -31.1267, 44.3795, 82.7739
0.847, -12.4437, 131.131, -1.96981, -31.0437, 43.952, 83.0018
0.848, -12.4457, 131.1, -1.92628, -30.9604, 43.527, 83.2285
0.849, -12.4476, 131.069, -1.88317, -30.877, 43.1043, 83.454
0.85, -12.4495, 131.038, -1.84049, -30.7933, 42.684, 83.6784
0.851, -12.4513, 131.007, -1.79822, -30.7094, 42.266, 83.9017
0.852, -12.4531, 130.977, -1.75637, -30.6253, 41.8504, 84.1238
0.853, -12.4548, 130.946, -1.71494, -30.5409, 41.4371, 84.3448
0.854, -12.4565, 130.916, -1.67391, -30.4564, 41.0262, 84.5647
0.855, -12.4582, 130.885, -1.63329, -30.3716, 40.6176, 84.7835
0.856, -12.4598, 130.855, -1.59308, -30.2866, 40.2113, 85.0011
0.857, -12.4614, 130.825, -1.55327, -30.2014, 39.8073, 85.2176
0.858, -12.4629, 130.795, -1.51387, -30.1159, 39.4055, 85.4331
0.859, -12.4644, 130.764, -1.47486, -30.0303, 39.006, 85.6474
0.86, -12.4659, 130.734, -1.43625, -29.9444, 38.6088, 85.8606
0.861, -12.4673, 130.705, -1.39804, -29.8584, 38.2139, 86.0728
0.862, -12.4687, 130.675, -1.36022, -29.7721, 37.8212, 86.2838
0.863, -12.47, 130.645, -1.32279, -29.6856, 37.4307, 86.4938
0.864, -12.4713, 130.615, -1.28575, -29.5989, 37.0424, 86.7027
0.865, -12.4726, 130.586, -1.24909, -29.512, 36.6563, 86.9106
0.866, -12.4739, 130.556, -1.21282, -29.4248, 36.2725, 87.1174
0.867, -12.4751, 130.527, -1.17693, -29.3375, 35.8908, 87.3231
0.868, -12.4762, 130.498, -1.14142, -29.25, 35.5112, 87.5277
0.869, -12.4773, 130.468, -1.10628, -29.1623, 35.1339, 87.7313
0.87, -12.4784, 130.439, -1.07152, -29.0743, 34.7587, 87.9339
0.871, -12.4795, 130.41, -1.03714, -28.9862, 34.3856, 88.1354
0.872, -12.4805, 130.381, -1.00312, -28.8979, 34.0147, 88.3359
0.873, -12.4815, 130.353, -0.969477, -28.8093, 33.6459, 88.5354
0.874, -12.4825, 130.324, -0.936197, -28.7206, 33.2792, 88.7338
0.875, -12.4834, 130.295, -0.903283, -28.6317, 32.9146, 88.9312
0.876, -12.4843, 130.267, -0.870731, -28.5425, 32.5521, 89.1276
0.877, -12.4852, 130.238, -0.838539, -28.4532, 32.1917, 89.3229
0.878, -12.486, 130.21, -0.806706, -28.3637, 31.8334, 89.5173
0.879, -12.4868, 130.181, -0.775228, -28.274, 31.4771, 89.7106
0.88, -12.4875, 130.153, -0.744106, -28.1841, 31.1229, 89.9029
0.881, -12.4883, 130.125, -0.713335, -28.094, 30.7707, 90.0943
0.882, -12.489, 130.097, -0.682914, -28.0037, 30.4205, 90.2846
0.883, -12.4896, 130.069, -0.652842, -27.9132, 30.0724, 90.474
0.884, -12.4903, 130.041, -0.623116, -27.8226, 29.7263, 90.6624
0.885, -12.4909, 130.013, -0.593734, -27.7317, 29.3822, 90.8497
0.886, -12.4915, 129.986, -0.564693, -27.6407, 29.0401, 91.0361
0.887, -12.492, 129.958, -0.535994, -27.5495, 28.6999, 91.2216
0.888, -12.4926, 129.931, -0.507632, -27.458, 28.3618, 91.406
0.889, -12.4931, 129.903, -0.479606, -27.3665, 28.0256, 91.5895
0.89, -12.4935, 129.876, -0.451915, -27.2747, 27.6914, 91.7721
0.891, -12.494, 129.849, -0.424556, -27.1827, 27.3591, 91.9536
0.892, -12.4944, 129.821, -0.397527, -27.0906, 27.0288, 92.1342
0.893, -12.4948, 129.794, -0.370827, -26.9983, 26.7004, 92.3139
0.894, -12.4951, 129.767, -0.344453, -26.9058, 26.3739, 92.4926
0.895, -12.4955, 129.741, -0.318403, -26.8131, 26.0493, 92.6704
0.896, -12.4958, 129.714, -0.292677, -26.7203, 25.7267, 92.8472
0.897, -12.4961, 129.687, -0.267271, -26.6273, 25.4059, 93.0231
0.898, -12.4963, 129.661, -0.242184, -26.5341, 25.087, 93.1981
0.899, -12.4966, 129.634, -0.217414, -26.4407, 24.77, 93.3721
0.9, -12.4968, 129.608, -0.192959, -26.3471, 24.4549, 93.5452
0.901, -12.497, 129.581, -0.168817, -26.2534, 24.1416, 93.7174
0.902, -12.4971, 129.555, -0.144987, -26.1595, 23.8302, 93.8887
0.903, -12.4973, 129.529, -0.121466, -26.0655, 23.5207, 94.059
0.904, -12.4974, 129.503, -0.0982534, -25.9712, 23.213, 94.2284
0.905, -12.4975, 129.477, -0.0753464, -25.8768, 22.9071, 94.397
0.906, -12.4975, 129.451, -0.0527434, -25.7823, 22.603, 94.5646
0.907, -12.4976, 129.426, -0.0304426, -25.6875, 22.3007, 94.7313
0.908, -12.4976, 129.4, -0.00844232, -25.5927, 22.0003, 94.8971
0.909, -12.4976, 129.374, 0.0132593, -25.4976, 21.7016, 95.062
0.91, -12.4976, 129.349, 0.0346641, -25.4024, 21.4048, 95.226
0.911, -12.4976, 129.324, 0.0557738, -25.307, 21.1097, 95.3892
0.912, -12.4975, 129.298, 0.0765902, -25.2114, 20.8164, 95.5514
0.913, -12.4974, 129.273, 0.097115, -25.1157, 20.5248, 95.7128
0.914, -12.4973, 129.248, 0.11735, -25.0198, 20.2351, 95.8733
0.915, -12.4972, 129.223, 0.137297, -24.9238, 19.947, 96.0329
0.916, -12.497, 129.198, 0.156958, -24.8276, 19.6608, 96.1916
0.917, -12.4969, 129.173, 0.176334, -24.7313, 19.3762, 96.3495
0.918, -12.4967, 129.149, 0.195427, -24.6348, 19.0934, 96.5065
0.919, -12.4965, 129.124, 0.21424, -24.5381, 18.8123, 96.6626
0.92, -12.4963, 129.1, 0.232773, -24.4413, 18.5329, 96.8179
0.921, -12.496, 129.075, 0.251028, -24.3443, 18.2552, 96.9723
0.922, -12.4958, 129.051, 0.269007, -24.2472, 17.9792, 97.1259
0.923, -12.4955, 129.027, 0.286712, -24.1499, 17.7049, 97.2786
0.924, -12.4952, 129.003, 0.304144, -24.0525, 17.4323, 97.4304
0.925, -12.4949, 128.979, 0.321306, -23.9549, 17.1614, 97.5814
0.926, -12.4946, 128.955, 0.338198, -23.8572, 16.8922, 97.7316
0.927, -12.4942, 128.931, 0.354822, -23.7593, 16.6246, 97.8809
0.928, -12.4939, 128.907, 0.371181, -23.6612, 16.3586, 98.0294
0.929, -12.4935, 128.884, 0.387275, -23.5631, 16.0943, 98.177
0.93, -12.4931, 128.86, 0.403107, -23.4647, 15.8317, 98.3238
0.931, -12.4927, 128.837, 0.418678, -23.3663, 15.5707, 98.4698
0.932, -12.4923, 128.813, 0.433989, -23.2677, 15.3113, 98.6149
0.933, -12.4918, 128.79, 0.449043, -23.1689, 15.0536, 98.7592
0.934, -12.4914, 128.767, 0.46384, -23.07, 14.7974, 98.9027
0.935, -12.4909, 128.744, 0.478383, -22.971, 14.5429, 99.0454
0.936, -12.4904, 128.721, 0.492673, -22.8718, 14.29, 99.1873
0.937, -12.4899, 128.698, 0.506712, -22.7724, 14.0387, 99.3283
0.938, -12.4894, 128.676, 0.520501, -22.673, 13.7889, 99.4685
0.939, -12.4889, 128.653, 0.534041, -22.5734, 13.5408, 99.6079
0.94, -12.4884, 128.63, 0.547336, -22.4736, 13.2942, 99.7466
0.941, -12.4878, 128.608, 0.560385, -22.3737, 13.0492, 99.8844
0.942, -12.4873, 128.586, 0.573191, -22.2737, 12.8058, 100.021
0.943, -12.4867, 128.564, 0.585755, -22.1736, 12.5639, 100.158
0.944, -12.4861, 128.541, 0.598078, -22.0733, 12.3236, 100.293
0.945, -12.4855, 128.519, 0.610163, -21.9728, 12.0848, 100.428
0.946, -12.4849, 128.497, 0.622011, -21.8723, 11.8476, 100.561
0.947, -12.4843, 128.476, 0.633622, -21.7716, 11.6119, 100.694
0.948, -12.4836, 128.454, 0.645, -21.6707, 11.3777, 100.827
0.949, -12.483, 128.432, 0.656145, -21.5698, 11.145, 100.958
0.95, -12.4823, 128.411, 0.667059, -21.4687, 10.9139, 101.089
0.951, -12.4817, 128.389, 0.677743, -21.3675, 10.6843, 101.219
0.952, -12.481, 128.368, 0.688199, -21.2661, 10.4562, 101.348
0.953, -12.4803, 128.347, 0.698429, -21.1647, 10.2296, 101.476
0.954, -12.4796, 128.326, 0.708433, -21.0631, 10.0044, 101.604
0.955, -12.4789, 128.305, 0.718214, -20.9613, 9.7808, 101.73
0.956, -12.4782, 128.284, 0.727773, -20.8595, 9.55865, 101.856
0.957, -12.4774, 128.263, 0.737111, -20.7575, 9.33798, 101.982
0.958, -12.4767, 128.242, 0.74623, -20.6554, 9.11878, 102.106
0.959, -12.4759, 128.222, 0.755131, -20.5532, 8.90104, 102.23
0.96, -12.4752, 128.201, 0.763815, -20.4508, 8.68477, 102.353
0.961, -12.4744, 128.181, 0.772285, -20.3483, 8.46995, 102.475
0.962, -12.4736, 128.16, 0.780542, -20.2457, 8.25658, 102.596
0.963, -12.4729, 128.14, 0.788587, -20.143, 8.04466, 102.717
0.964, -12.4721, 128.12, 0.796421, -20.0402, 7.83417, 102.837
0.965, -12.4713, 128.1, 0.804046, -19.9372, 7.62513, 102.956
0.966, -12.4705, 128.08, 0.811463, -19.8341, 7.41751, 103.074
0.967, -12.4697, 128.061, 0.818675, -19.731, 7.21131, 103.192
0.968, -12.4688, 128.041, 0.825681, -19.6276, 7.00653, 103.309
0.969, -12.468, 128.021, 0.832484, -19.5242, 6.80317, 103.425
0.97, -12.4672, 128.002, 0.839086, -19.4207, 6.60122, 103.54
0.971, -12.4663, 127.982, 0.845486, -19.317, 6.40067, 103.655
0.972, -12.4655, 127.963, 0.851688, -19.2133, 6.20152, 103.769
0.973, -12.4646, 127.944, 0.857692, -19.1094, 6.00376, 103.882
0.974, -12.4638, 127.925, 0.863499, -19.0054, 5.80739, 103.995
0.975, -12.4629, 127.906, 0.869111, -18.9013, 5.61241, 104.106
0.976, -12.4621, 127.887, 0.87453, -18.7971, 5.41881, 104.217
0.977, -12.4612, 127.868, 0.879757, -18.6927, 5.22658, 104.327
0.978, -12.4603, 127.85, 0.884793, -18.5883, 5.03573, 104.437
0.979, -12.4594, 127.831, 0.889639, -18.4837, 4.84624, 104.546
0.98, -12.4585, 127.813, 0.894297, -18.3791, 4.65811, 104.654
0.981, -12.4576, 127.794, 0.898768, -18.2743, 4.47133, 104.761
0.982, -12.4567, 127.776, 0.903054, -18.1695, 4.28591, 104.868
0.983, -12.4558, 127.758, 0.907156, -18.0645, 4.10184, 104.974
0.984, -12.4549, 127.74, 0.911075, -17.9594, 3.91911, 105.079
0.985, -12.454, 127.722, 0.914813, -17.8542, 3.73772, 105.183
0.986, -12.4531, 127.704, 0.91837, -17.7489, 3.55766, 105.287
0.987, -12.4522, 127.687, 0.921749, -17.6435, 3.37893, 105.39
0.988, -12.4513, 127.669, 0.924951, -17.5381, 3.20153, 105.492
0.989, -12.4503, 127.652, 0.927976, -17.4325, 3.02545, 105.594
0.99, -12.4494, 127.634, 0.930827, -17.3268, 2.85069, 105.695
0.991, -12.4485, 127.617, 0.933504, -17.221, 2.67724, 105.795
0.992, -12.4476, 127.6, 0.936009, -17.1151, 2.5051, 105.894
0.993, -12.4466, 127.583, 0.938344, -17.0091, 2.33427, 105.993
0.994, -12.4457, 127.566, 0.940508, -16.903, 2.16473, 106.091
0.995, -12.4447, 127.549, 0.942505, -16.7968, 1.99649, 106.188
0.996, -12.4438, 127.532, 0.944334, -16.6905, 1.82955, 106.285
0.997, -12.4429, 127.516, 0.945998, -16.5841, 1.66389, 106.381
0.998, -12.4419, 127.499, 0.947498, -16.4777, 1.49952, 106.476
0.999, -12.441, 127.483, 0.948834, -16.3711, 1.33642, 106.571
1, -12.44, 127.466, 0.950009, -16.2644, 1.17461, 106.665
1.001, -12.4391, 127.45, 0.951023, -16.1577, 1.01407, 106.758
1.002, -12.4381, 127.434, 0.951878, -16.0508, 0.854796, 106.85
1.003, -12.4372, 127.418, 0.952575, -15.9439, 0.696789, 106.942
1.004, -12.4362, 127.402, 0.953115, -15.8368, 0.540044, 107.033
1.005, -12.4353, 127.386, 0.953499, -15.7297, 0.384557, 107.124
1.006, -12.4343, 127.371, 0.953729, -15.6225, 0.230324, 107.213
1.007, -12.4334, 127.355, 0.953807, -15.5152, 0.0773426, 107.302
1.008, -12.4324, 127.34, 0.953732, -15.4078, -0.0743921, 107.391
1.009, -12.4315, 127.324, 0.953508, -15.3003, -0.224883, 107.478
1.01, -12.4305, 127.309, 0.953133, -15.1928, -0.374134, 107.565
1.011, -12.4296, 127.294, 0.952611, -15.0851, -0.522149, 107.651
1.012, -12.4286, 127.279, 0.951942, -14.9774, -0.66893, 107.737
1.013, -12.4277, 127.264, 0.951128, -14.8696, -0.814482, 107.822
1.014, -12.4267, 127.249, 0.950169, -14.7617, -0.958807, 107.906
1.015, -12.4258, 127.234, 0.949067, -14.6537, -1.10191, 107.99
1.016, -12.4248, 127.22, 0.947823, -14.5456, -1.24379, 108.073
1.017, -12.4239, 127.205, 0.946439, -14.4374, -1.38446, 108.155
1.018, -12.4229, 127.191, 0.944915, -14.3292, -1.52391, 108.236
1.019, -12.422, 127.177, 0.943253, -14.2209, -1.66216, 108.317
1.02, -12.4211, 127.163, 0.941454, -14.1125, -1.7992, 108.397
1.021, -12.4201, 127.148, 0.939519, -14.004, -1.93503, 108.477
1.022, -12.4192, 127.135, 0.937449, -13.8955, -2.06966, 108.556
1.023, -12.4182, 127.121, 0.935246, -13.7868, -2.2031, 108.634
1.024, -12.4173, 127.107, 0.93291, -13.6781, -2.33534, 108.711
1.025, -12.4164, 127.093, 0.930444, -13.5693, -2.4664, 108.788
1.026, -12.4155, 127.08, 0.927848, -13.4605, -2.59626, 108.864
1.027, -12.4145, 127.066, 0.925123, -13.3515, -2.72494, 108.94
1.028, -12.4136, 127.053, 0.92227, -13.2425, -2.85244, 109.015
1.029, -12.4127, 127.04, 0.919292, -13.1334, -2.97876, 109.089
1.03, -12.4118, 127.027, 0.916188, -13.0243, -3.1039, 109.162
1.031, -12.4109, 127.014, 0.91296, -12.915, -3.22787, 109.235
1.032, -12.41, 127.001, 0.909609, -12.8057, -3.35067, 109.307
1.033, -12.4091, 126.988, 0.906137, -12.6963, -3.4723, 109.379
1.034, -12.4081, 126.976, 0.902544, -12.5869, -3.59277, 109.45
1.035, -12.4073, 126.963, 0.898832, -12.4774, -3.71207, 109.52
1.036, -12.4064, 126.951, 0.895002, -12.3678, -3.83022, 109.59
1.037, -12.4055, 126.938, 0.891055, -12.2581, -3.94721, 109.659
1.038, -12.4046, 126.926, 0.886992, -12.1484, -4.06304, 109.727
1.039, -12.4037, 126.914, 0.882814, -12.0386, -4.17773, 109.794
1.04, -12.4028, 126.902, 0.878523, -11.9287, -4.29126, 109.861
1.041, -12.4019, 126.89, 0.874119, -11.8188, -4.40365, 109.928
1.042, -12.4011, 126.878, 0.869604, -11.7088, -4.5149, 109.993
1.043, -12.4002, 126.867, 0.864979, -11.5987, -4.625, 110.058
1.044, -12.3993, 126.855, 0.860245, -11.4886, -4.73397, 110.123
1.045, -12.3985, 126.844, 0.855403, -11.3784, -4.8418, 110.186
1.046, -12.3976, 126.832, 0.850455, -11.2682, -4.9485, 110.249
1.047, -12.3968, 126.821, 0.845401, -11.1579, -5.05406, 110.312
1.048, -12.3959, 126.81, 0.840242, -11.0475, -5.1585, 110.374
1.049, -12.3951, 126.799, 0.83498, -10.9371, -5.26181, 110.435
1.05, -12.3943, 126.788, 0.829616, -10.8266, -5.364, 110.495
1.051, -12.3935, 126.778, 0.824151, -10.716, -5.46506, 110.555
1.052, -12.3926, 126.767, 0.818586, -10.6054, -5.56501, 110.614
1.053, -12.3918, 126.756, 0.812923, -10.4947, -5.66384, 110.673
1.054, -12.391, 126.746, 0.807161, -10.384, -5.76155, 110.731
1.055, -12.3902, 126.736, 0.801303, -10.2732, -5.85815, 110.788
1.056, -12.3894, 126.725, 0.795349, -10.1624, -5.95364, 110.844
1.057, -12.3886, 126.715, 0.789301, -10.0515, -6.04803, 110.9
1.058, -12.3878, 126.705, 0.78316, -9.94052, -6.1413, 110.956
1.059, -12.3871, 126.695, 0.776926, -9.82951, -6.23347, 111.01
1.06, -12.3863, 126.686, 0.770602, -9.71844, -6.32454, 111.064
1.061, -12.3855, 126.676, 0.764187, -9.60732, -6.41451, 111.118
1.062, -12.3848, 126.666, 0.757684, -9.49615, -6.50338, 111.171
1.063, -12.384, 126.657, 0.751093, -9.38493, -6.59116, 111.223
1.064, -12.3833, 126.648, 0.744415, -9.27366, -6.67784, 111.274
1.065, -12.3825, 126.638, 0.737652, -9.16233, -6.76343, 111.325
1.066, -12.3818, 126.629, 0.730804, -9.05096, -6.84792, 111.375
1.067, -12.3811, 126.62, 0.723872, -8.93953, -6.93133, 111.425
1.068, -12.3803, 126.611, 0.716859, -8.82806, -7.01366, 111.474
1.069, -12.3796, 126.603, 0.709764, -8.71653, -7.09489, 111.522
1.07, -12.3789, 126.594, 0.702589, -8.60496, -7.17505, 111.57
1.071, -12.3782, 126.585, 0.695335, -8.49335, -7.25412, 111.617
1.072, -12.3775, 126.577, 0.688002, -8.38168, -7.33212, 111.664
1.073, -12.3769, 126.569, 0.680593, -8.26997, -7.40904, 111.709
1.074, -12.3762, 126.56, 0.673109, -8.15822, -7.48488, 111.755
1.075, -12.3755, 126.552, 0.665549, -8.04642, -7.55964, 111.799
1.076, -12.3749, 126.544, 0.657916, -7.93458, -7.63334, 111.843
1.077, -12.3742, 126.536, 0.65021, -7.82269, -7.70596, 111.886
1.078, -12.3736, 126.529, 0.642432, -7.71076, -7.77752, 111.929
1.079, -12.3729, 126.521, 0.634584, -7.59879, -7.848, 111.971
1.08, -12.3723, 126.514, 0.626667, -7.48678, -7.91742, 112.013
1.081, -12.3717, 126.506, 0.618681, -7.37472, -7.98578, 112.053
1.082, -12.3711, 126.499, 0.610628, -7.26263, -8.05307, 112.094
1.083, -12.3704, 126.492, 0.602508, -7.1505, -8.1193, 112.133
1.084, -12.3699, 126.484, 0.594324, -7.03833, -8.18447, 112.172
1.085, -12.3693, 126.477, 0.586075, -6.92612, -8.24858, 112.21
1.086, -12.3687, 126.471, 0.577764, -6.81387, -8.31164, 112.248
1.087, -12.3681, 126.464, 0.56939, -6.70158, -8.37363, 112.285
1.088, -12.3675, 126.457, 0.560956, -6.58926, -8.43458, 112.321
1.089, -12.367, 126.451, 0.552461, -6.4769, -8.49447, 112.357
1.09, -12.3664, 126.444, 0.543908, -6.36451, -8.55331, 112.392
1.091, -12.3659, 126.438, 0.535297, -6.25208, -8.61109, 112.427
1.092, -12.3654, 126.432, 0.526629, -6.13962, -8.66783, 112.461
1.093, -12.3649, 126.426, 0.517905, -6.02713, -8.72352, 112.494
1.094, -12.3643, 126.42, 0.509127, -5.9146, -8.77816, 112.527
1.095, -12.3638, 126.414, 0.500295, -5.80204, -8.83176, 112.559
1.096, -12.3633, 126.408, 0.491411, -5.68945, -8.88431, 112.591
1.097, -12.3629, 126.402, 0.482475, -5.57683, -8.93582, 112.621
1.098, -12.3624, 126.397, 0.473489, -5.46418, -8.98629, 112.652
1.099, -12.3619, 126.392, 0.464453, -5.3515, -9.03571, 112.681
1.1, -12.3614, 126.386, 0.455369, -5.23879, -9.0841, 112.71
1.101, -12.361, 126.381, 0.446238, -5.12605, -9.13144, 112.739
1.102, -12.3606, 126.376, 0.43706, -5.01328, -9.17775, 112.766
1.103, -12.3601, 126.371, 0.427837, -4.90049, -9.22302, 112.794
1.104, -12.3597, 126.366, 0.41857, -4.78767, -9.26726, 112.82
1.105, -12.3593, 126.361, 0.409259, -4.67482, -9.31046, 112.846
1.106, -12.3589, 126.357, 0.399907, -4.56195, -9.35262, 112.871
1.107, -12.3585, 126.352, 0.390513, -4.44906, -9.39376, 112.896
1.108, -12.3581, 126.348, 0.381079, -4.33614, -9.43386, 112.92
1.109, -12.3577, 126.344, 0.371606, -4.22319, -9.47293, 112.943
1.11, -12.3574, 126.339, 0.362095, -4.11023, -9.51096, 112.966
1.111, -12.357, 126.335, 0.352547, -3.99724, -9.54797, 112.988
1.112, -12.3567, 126.331, 0.342963, -3.88423, -9.58395, 113.01
1.113, -12.3563, 126.328, 0.333344, -3.7712, -9.6189, 113.031
1.114, -12.356, 126.324, 0.323692, -3.65815, -9.65283, 113.051
1.115, -12.3557, 126.32, 0.314006, -3.54507, -9.68572, 113.071
1.116, -12.3554, 126.317, 0.304288, -3.43198, -9.71759, 113.09
1.117, -12.3551, 126.313, 0.29454, -3.31888, -9.74844, 113.109
1.118, -12.3548, 126.31, 0.284761, -3.20575, -9.77826, 113.127
1.119, -12.3545, 126.307, 0.274954, -3.09261, -9.80706, 113.144
1.12, -12.3542, 126.304, 0.26512, -2.97944, -9.83483, 113.161
1.121, -12.354, 126.301, 0.255258, -2.86627, -9.86158, 113.177
1.122, -12.3537, 126.298, 0.245371, -2.75308, -9.88731, 113.192
1.123, -12.3535, 126.296, 0.235459, -2.63987, -9.91202, 113.207
1.124, -12.3533, 126.293, 0.225523, -2.52665, -9.93571, 113.221
1.125, -12.353, 126.291, 0.215565, -2.41341, -9.95837, 113.235
1.126, -12.3528, 126.288, 0.205585, -2.30016, -9.98002, 113.248
1.127, -12.3526, 126.286, 0.195584, -2.1869, -10.0006, 113.26
1.128, -12.3524, 126.284, 0.185564, -2.07363, -10.0203, 113.272
1.129, -12.3523, 126.282, 0.175525, -1.96035, -10.0388, 113.283
1.13, -12.3521, 126.28, 0.165468, -1.84705, -10.0564, 113.294
1.131, -12.3519, 126.278, 0.155395, -1.73375, -10.073, 113.304
1.132, -12.3518, 126.276, 0.145307, -1.62044, -10.0885, 113.313
1.133, -12.3516, 126.275, 0.135204, -1.50712, -10.103, 113.322
1.134, -12.3515, 126.273, 0.125087, -1.39379, -10.1165, 113.33
1.135, -12.3514, 126.272, 0.114958, -1.28045, -10.129, 113.337
1.136, -12.3513, 126.271, 0.104818, -1.1671, -10.1405, 113.344
1.137, -12.3512, 126.27, 0.094667, -1.05375, -10.1509, 113.351
1.138, -12.3511, 126.269, 0.0845067, -0.940397, -10.1604, 113.356
1.139, -12.351, 126.268, 0.0743379, -0.827036, -10.1688, 113.361
1.14, -12.3509, 126.267, 0.0641617, -0.71367, -10.1762, 113.366
1.141, -12.3509, 126.266, 0.0539792, -0.6003, -10.1826, 113.37
1.142, -12.3508, 126.266, 0.0437912, -0.486927, -10.1879, 113.373
1.143, -12.3508, 126.265, 0.0335989, -0.373552, -10.1923, 113.376
1.144, -12.3508, 126.265, 0.0234033, -0.260174, -10.1956, 113.378
1.145, -12.3507, 126.265, 0.0132053, -0.146795, -10.198, 113.379
1.146, -12.3507, 126.265, 0.00300603, -0.0334153, -10.1993, 113.38
